caso_id,sesion_id,alcance,curso_id,bloque_id,indicador_id,descripcion,pregunta_gatilladora,recursos,producto,caso_a,caso_b,evaluacion_lamina
CASO-EOM-METEXP-1,,colaborativo,EOM-METEXP,EOM-METEXP-B1,IND-EOM-METEXP-1;IND-EOM-METEXP-2,"«Qué toca en el frente». Su equipo entró esta semana como asistentes técnicos a una mina aurífera del sur de Ica. Es una operación mecanizada: hay rampa, y a los tajeos entra equipo sobre neumáticos. El jefe de mina los lleva al plano y les da los datos de la labor. La veta tiene un metro treinta de potencia, está casi parada, y la roca de las cajas es mala: ahí no se entra sin sostener. La labor está abierta de tres por tres, porque tiene que entrar el equipo. «Todo lo que rompemos más allá de la veta es desmonte que igual se carga y se acarrea», les dice, «así que el control del ancho es de ustedes.» Después les entrega tres papeles y los manda a mirar la labor antes de pedir nada. El primero es el plano del tajeo. La labor va subiendo: el nivel de arriba está a doce metros y hay una chimenea que los comunica. En todo el tajeo no hay ningún bloque de mineral marcado como intocable. El segundo es el reporte de la guardia de noche. Perforaron, dispararon y alcanzaron a limpiar parte del material. Al pie, una nota del capataz: «piso del tramo norte todavía sin completar, no meter equipo». El tercero es el consumo de almacén del último mes. Después del explosivo, lo que más se mueve es desmonte bajado por la chimenea. De madera para pilares no salió nada. Cuando bajan a la labor lo confirman: el piso sobre el que trabaja el scoop no es roca, es material suelto compactado; y en el tramo norte se ve el hueco por donde todavía no se ha echado. «Mañana entran ustedes en la guardia de día», les dice el jefe de mina. «Quiero dos papeles antes de las seis, que cierra almacén. El reporte de reconocimiento, con qué método estamos trabajando acá y en qué se dieron cuenta. Y el requerimiento de la guardia: qué equipo y qué material van a necesitar, operación por operación.» Ya en la puerta se da vuelta. «Y ojo con el orden en que lo hacen. El año pasado un operador metió el scoop al corte de arriba sin que el relleno estuviera terminado. Se le hundió una llanta en el hueco. Tuvo suerte de que no volcara.»","Si entras a un frente que dejó otra guardia, ¿en qué te das cuenta de con qué método se trabaja, y cómo sabes qué operación toca ahora?","La mina es mecanizada: hay rampa y a los tajeos entra equipo sobre neumáticos. La labor tiene sección de 3,00 x 3,00 m. En almacén hay más equipos y materiales de los que esta labor necesita, ordenados por operación. · PERFORACIÓN: jumbo electrohidráulico de un brazo | perforadora jackleg | perforadora stoper | barrenos de 4, 6 y 12 pies | brocas de botones. · VOLADURA: emulsión encartuchada | ANFO | fulminante no eléctrico | cordón detonante | mecha de seguridad | atacador de madera. · CARGUÍO: scooptram de bajo perfil de 2,2 yd3 | scooptram de bajo perfil de 1,5 yd3 | winche de arrastre con rastrillo | pala neumática sobre riel. · ACARREO: dumper de bajo perfil de 15 t | volquete de 20 t | carros mineros U-35 con locomotora a batería | carretilla. · SOSTENIMIENTO: perno helicoidal | perno hydrabolt de 7 pies | malla electrosoldada | shotcrete vía robot lanzador | puntales de madera | empernadora electrohidráulica. · RELLENO: material detrítico bajado por chimenea | relleno hidráulico. · FORMATOS: reporte de reconocimiento de labor | requerimiento de guardia. · CONSULTA: esquema del ciclo de minado con sus cinco operaciones | tabla de los métodos de explotación con sus labores y las condiciones en que se aplica cada uno.","Dos entregables: un INFORME TÉCNICO y su PRESENTACIÓN. INFORME TÉCNICO, en tres partes. (1) RECONOCIMIENTO DE LA LABOR: con qué método se trabaja y en qué se dieron cuenta; qué labores tiene ese método y qué condiciones del yacimiento lo hacen aplicable; la potencia de la veta y la sección de la labor, con la razón de por qué la labor se abre más ancha que la veta; y en qué estado dejó el frente la guardia anterior. (2) REQUERIMIENTO DE GUARDIA: el equipo, el material y el control del técnico para cada una de las cinco operaciones unitarias, marcando sobre la lista de almacén lo que corresponde a esta labor. (3) ORDEN DE LA GUARDIA: con qué operación arranca y por qué esa y no otra. PRESENTACIÓN de 4 láminas, que se sustenta en 8 minutos: cómo quedó el frente, el método con los indicios que lo delatan, el requerimiento operación por operación, y el arranque de la guardia. Cada integrante responde por la parte que expuso. Roles: el método y el estado del frente / perforación y voladura / carguío y acarreo / sostenimiento y orden de la guardia.",,,Cada equipo entrega un informe técnico y lo sustenta con una presentación de 4 láminas en 8 minutos. Se evalúa con rúbrica de 5 criterios (20 pts).
CASO-EOM-METEXP-2,,colaborativo,EOM-METEXP,EOM-METEXP-B2,IND-EOM-METEXP-1;IND-EOM-METEXP-2;IND-EOM-METEXP-3,"«Dos guardias, dos minas». Este trabajo tiene DOS PARTES. En cada una su equipo entra como asistente técnico a una operación distinta, y en las dos les piden lo mismo: decir si lo que quieren hacer corresponde, y por qué. 

PARTE A · MINERÍA SUBTERRÁNEA — «La veta se abrió». Unidad polimetálica de la sierra central, mecanizada. En el tajo de la veta Mary se saca el mineral por cortes horizontales: se perfora el frente con el jumbo, se dispara, se limpia, se sostiene, y cuando el corte está completo se rellena con desmonte para pararse encima y sacar el siguiente. Son las seis de la mañana y el corte de anoche salió bien. El supervisor los llama con dos papeles. El primero es el informe de geomecánica: la caja piso da entre treinta y cinco y cuarenta y cuatro de RMR, la caja techo entre treinta y cinco y cuarenta y siete, y el mineral treinta y cinco. Al pie, la tabla con que la mina dimensiona: con RMR mayor a sesenta la abertura máxima es de ocho metros; entre cincuenta y uno y sesenta, cinco con dos; entre cuarenta y uno y cincuenta, tres con tres. El segundo es el reporte de topografía: la veta se abrió, y en los últimos veinte metros pasó de dos metros y medio a cuatro. «El maestro quiere romper los cuatro metros de un solo corte», les dice el supervisor. «Dice que si no, pierde media guardia.» Ya en la puerta se da vuelta: «el año pasado se nos vino la caja techo en un tajo de esta veta. No hubo desgracia de milagro, pero el tajo lo perdimos.» 

PARTE B · MINERÍA SUPERFICIAL — «El banco 3720». Unidad aurífera de Ayacucho, a tajo abierto. Se explota por bancos de ocho metros, y por las rampas de doce metros de ancho suben los volquetes hasta el pad de lixiviación o hasta el botadero, según lo que lleven. Son las seis de la mañana en el banco 3720. El disparo de anoche salió bien y el material está suelto. Geología dejó pintados dos polígonos sobre la pila, pegados uno al lado del otro: uno es mineral y el otro es desmonte. Abajo hay seis volquetes formados, de veintidós metros cúbicos cada uno. El cargador frontal 992C, que era el programado para hoy, no salió del taller. El otro equipo de carguío de la mina, la excavadora 374C, está terminando de cargar en el banco 3680 y baja recién a las ocho: con el 992C un volquete se llena en dos pases, con el 374C en cuatro. Lo que sí está en el banco es la excavadora 336C, que subió anoche porque geotecnia mandó perfilar el talud del 3740 antes del fin de semana y todavía no ha empezado. El capataz mira el reloj. «Está acá y tiene cuchara. Que cargue mientras tanto.» El supervisor llega en veinte minutos y quiere el informe antes. Ya en la puerta comenta: «el mes pasado se nos fue medio turno buscando dónde poner un equipo. Eso no se recupera.»","Dos minas, dos métodos, y en las dos alguien con prisa quiere arrancar. ¿Qué tienes que comprobar antes de decir que sí, y en qué te apoyas para decir que no?","PARA LA PARTE A · SUBTERRÁNEA: informe de geomecánica con el RMR de caja piso, mineral y caja techo, y la tabla de abertura máxima por rango de RMR | reporte de topografía con la potencia de la veta | fichas técnicas: jumbo electrohidráulico de un brazo para perforación horizontal del frente, desatador mecánico, empernador electrohidráulico, scooptram de bajo perfil, robot lanzador con mixer | materiales: explosivo y accesorios, perno helicoidal, perno hydrabolt, malla electrosoldada, shotcrete, material detrítico de relleno. PARA LA PARTE B · SUPERFICIAL: croquis del banco 3720 con los dos polígonos pintados por geología | tabla de destinos de la mina, que dice que el mineral va al pad de lixiviación y el desmonte al botadero | parte de equipos del día, con qué está operativo, qué está en taller y dónde se encuentra cada uno | fichas técnicas: cargador frontal 992C de 10,5 m3 de carguío de producción que llena un volquete en dos pases, excavadora 374C de 5,5 m3 de carguío de producción que lo llena en cuatro, excavadora auxiliar 336C para perfilado y estabilización de taludes, volquete de 22,3 m3, perforadora rotativa DM-45E. PARA LAS DOS: formato del informe técnico | tabla de los métodos de explotación con las labores que componen cada uno | esquema del ciclo de minado con sus operaciones unitarias.","Dos entregables: un INFORME TÉCNICO y su PRESENTACIÓN. El informe se llena sobre los dos formatos que vienen abajo —uno por parte— más el cierre común. Se resuelve comparando lo que cuenta cada parte con las fichas técnicas y las tablas que se entregan.

FORMATO · PARTE A          INFORME AL SUPERVISOR · TAJO VETA MARY          Fecha: ______

1 · LAS CONDICIONES DEL TAJO
    RMR caja piso / mineral / caja techo ...  ____ / ____ / ____
    Abertura máxima que admite el terreno .  ____________________
    Potencia de la veta en este tramo ......  ____________________

2 · LAS OPERACIONES UNITARIAS DEL CICLO
    OPERACIÓN        EQUIPO         MATERIAL      QUÉ CONTROLA EL TÉCNICO
    Perforación      _______        _______       ____________________
    Voladura         _______        _______       ____________________
    Carguío          _______        _______       ____________________
    Acarreo          _______        _______       ____________________
    Sostenimiento    _______        _______       ____________________

    Fuera del ciclo, propias de este método y de la seguridad de la labor:
    Relleno del corte — material, equipo y cuándo entra: ______________
    Desate — cuándo se hace: __________________________________________

3 · RESPUESTA AL MAESTRO
    ¿Se rompen los 4,00 m de un solo corte?  SÍ / NO
    En qué nos apoyamos: ______________________________________
    Si no, cómo se saca la veta completa: _____________________
    Qué pasa si se rompe de una sola vez: _____________________

    Firma del equipo técnico: ____________

FORMATO · PARTE B          INFORME AL SUPERVISOR · BANCO 3720          Fecha: ______

1 · LA LABOR Y SUS OPERACIONES UNITARIAS
    Método de explotación .................  ____________________
    Labores del tajo ......................  ____________________

    OPERACIÓN        EQUIPO         ¿SE HIZO ANOCHE?   QUÉ CONTROLA EL TÉCNICO
    Perforación      _______        SÍ / NO            ____________________
    Voladura         _______        SÍ / NO            ____________________
    Carguío          _______        SÍ / NO            ____________________
    Acarreo          _______        SÍ / NO            ____________________

    De las cinco del ciclo subterráneo, ¿cuál no aparece acá y por qué?
    ___________________________________________________________

2 · EL EQUIPO DE CARGUÍO
    EQUIPO           ¿CORRESPONDE?   QUÉ DICE SU FICHA      PASES POR VOLQUETE
    992C             SÍ / NO         _______________        _______
    374C             SÍ / NO         _______________        _______
    336C             SÍ / NO         _______________        _______
    Si el que está en el banco carga, ¿qué se queda sin hacer?
    ___________________________________________________________

3 · DESTINO DEL MATERIAL Y REPORTE
    Polígono de mineral  →  ____________________
    Polígono de desmonte →  ____________________
    Qué equipo se pide y para cuándo: __________________________
    Qué se pierde con la salida que no elegimos: _______________

    Firma del equipo técnico: ____________

CIERRE COMÚN A LAS DOS PARTES
    ¿Qué comprobó el equipo técnico en las dos antes de responder?
    ___________________________________________________________
    ¿Qué se pierde en cada caso si se arranca como quieren?
    A: ________________________________________________________
    B: ________________________________________________________

PRESENTACIÓN de 6 láminas, que se sustenta en 8 minutos: los dos métodos y sus ciclos, la parte A, la parte B y el cierre común. Cada integrante responde por la parte que expuso.

Roles: el método y el ciclo subterráneo / el método y el ciclo a tajo abierto / la respuesta de la parte A / la respuesta de la parte B y el cierre.",,,"Cada equipo entrega un informe técnico con las dos partes resueltas sobre los formatos, y lo sustenta con una presentación de 6 láminas en 8 minutos. Se evalúa con rúbrica de 5 criterios (20 pts)."
CASO-EOM-METEXP-S1,EOM-METEXP-S1,sesion,EOM-METEXP,EOM-METEXP-B1,IND-EOM-METEXP-2,"«De tres metros a doce». Entra un maestro nuevo al frente y encuentra la marca de topografía sobre la roca: una línea de pintura a cada lado de la veta. Va donde ustedes con la ficha en la mano. «Acá dice un metro veinte», les dice. «¿Rompo un metro veinte entonces? Porque el jumbo no me entra ahí.» El supervisor, que estaba cerca, les alcanza otras dos fichas. «Miren también estas dos labores. Es la misma veta y el mismo macizo en las tres, y en cada una se abre distinto.» En la pizarra de la entrada está la tabla geomecánica del mes, firmada. El maestro pasó por delante sin mirarla. Mientras leen, el capataz pasa y comenta sin detenerse: «en la labor de madera tuvimos dos desprendimientos el año pasado. En las otras dos, ninguno.»","Si la veta mide lo mismo en las tres labores, ¿qué es lo que hace que una se abra a tres metros y otra a doce?","RECURSO 1 · Las tres fichas de labor (ver variante). RECURSO 2 · La tabla geomecánica de la labor, la que el Art. 33 del D.S. 024-2016-EM obliga a publicar en cada labor, suscrita por ingeniero geomecánico colegiado y con vigencia del mes: Regular A / RMR 51-60 / abertura máxima sin sostener 5,0 m / autosoporte 1 semana / pernos sistemáticos / habilita 8,0 m — Regular B / RMR 41-50 / 3,5 m / 24 horas / pernos + malla / habilita 10,0 m — Mala A / RMR 31-40 / 3,0 m / 10 horas / shotcrete SFR + Hydrabolt / habilita 12,0 m — Mala B / RMR 21-30 / 2,0 m / 5 horas / shotcrete + cimbras / habilita 6,0 m. RECURSO 3 · Cuadro impreso para llenar la pregunta 1. Fuente: U.M. Parcoy, Consorcio Minero Horizonte S.A., tesis UNSAAC, https://app.ingemmet.gob.pe/biblioteca/pdf/TE0380.pdf · Marco legal: D.S. 024-2016-EM, Art. 33.","En parejas, 20 minutos. Cada pareja llena el cuadro que se entrega: (1) por labor, cuánto mide la veta y cuánto el ancho de minado; (2) busquen en la tabla geomecánica la calidad de roca de estas labores. ¿Cuánto admite ese terreno sin sostener? Comparen ese número con el ancho de cada una de las tres. ¿Qué hace que dos de ellas puedan pasar de ahí? Eso es todo lo que se entrega. CIERRE DIRIGIDO POR EL INSTRUCTOR, no se entrega ni se califica: recogidos los cuadros, el instructor abre en plenario la pregunta de fondo —la labor de doce metros rompe mucho más desmonte que veta, ¿por qué la mina la prefiere igual?—, toma dos o tres respuestas y cierra él. Sustentar esa decisión con sus datos es tarea del TC1, no de esta sesión.","VETA MARY · 1,20 m de potencia · 70° · RMR de cajas 40, igual en las tres labores. TAJEO ANTIGUO: ancho de minado 3,00 m · geometría recta · cuadros de madera · jackleg y carretilla. TAJEO NUEVO A: ancho de minado 6,00 m · bóveda en arco · shotcrete SFR y pernos Hydrabolt · jumbo y scooptram. TAJEO NUEVO B: ancho de minado 12,00 m · bóveda en arco · shotcrete SFR y pernos Hydrabolt · jumbo y scooptram.",,"El cuadro con las tres labores, resuelto en parejas. Se revisa en clase; no lleva nota."
CASO-EOM-METEXP-S10,EOM-METEXP-S10,sesion,EOM-METEXP,EOM-METEXP-B2,IND-EOM-METEXP-2,"«El parte de arriba». Los rotaron una semana a la unidad de cobre de Chumbivilcas, a tajo abierto. El jefe de guardia les da el mismo formato de parte que llenaban abajo, con las cinco filas de operación unitaria, y no les explica nada más: «es igual, solo que aquí no hay techo». Durante el día vieron esto. Una máquina sobre orugas abriendo taladros de once pulgadas en el banco, que tiene quince metros de alto. Después llegó el camión fábrica, cargó los taladros y tocaron sirena. Al rato la pala hidráulica empezó a llenar camiones de doscientas cuarenta toneladas, y los camiones bajaron por la rampa: unos se fueron a la chancadora y otros al botadero. A media mañana pasó la cisterna regando la vía porque no se veía de tanto polvo. Por la tarde un tractor emparejó el piso del banco para que la pala pudiera pararse mejor, y el cargador frontal estuvo moviendo material en el stock. Al cierre, llenando el formato, uno del equipo se quedó mirando la última fila sin saber qué poner. «Nadie puso ni un perno en todo el día», dijo. El jefe de guardia lo escuchó de pasada. «El mes pasado un practicante metió el regado de vías en la fila del acarreo. El parte salió con una operación de más y el rendimiento de la guardia se reportó por debajo de lo que fue. A mí me lo devolvieron.»","Es el mismo formato y las mismas cinco filas. Una se va a quedar vacía. ¿Cuál, y por qué no hace falta llenarla?","RECURSO 1 — El formato de parte de guardia de superficie, en blanco: cinco filas de operación unitaria con casilla de equipo y de labor, y abajo un bloque de servicios de mina. RECURSO 2 — La relación de equipos de la unidad. ANCLAJE: Mina Constancia (Hudbay), Chumbivilcas, Cusco, según tesis UAP sobre carguío y acarreo con ControlSense — perforadoras Pit Viper 271 con taladros de 11"" y bancos de 15 m, voladura con ANFO y Heavy ANFO, palas Hitachi EX-5600 con cuchara de 27 m³, cargador frontal CAT 994H usado en los stocks, camiones CAT 793F de 240 t e Hitachi EH4000 de 230 t, y destinos «chancadoras, botaderos y stock pile». https://repositorio.uap.edu.pe/handle/20.500.12990/4327. EL FORMATO NO ADVIERTE que una fila no se puede llenar.","En parejas, 20 minutos. Cada pareja llena el parte de guardia de superficie: cada operación unitaria con su equipo y la labor donde ocurrió —banco, rampa, botadero o pad—; la fila que queda vacía, con el porqué escrito al margen; y lo que no es operación unitaria, abajo, en servicios de mina. Firma del que llena. REPARTO DEL TIEMPO: 4 min leer lo que ocurrió · 12 min llenar las filas · 4 min el margen y la firma. CIERRE DIRIGIDO POR EL INSTRUCTOR, no se entrega: se abre en plenario qué sostiene el talud si no lo sostiene una operación del ciclo.",,,"El documento del técnico, resuelto en parejas. Se revisa en clase; no lleva nota."
CASO-EOM-METEXP-S11,EOM-METEXP-S11,sesion,EOM-METEXP,EOM-METEXP-B2,IND-EOM-METEXP-3,"«Faltan cuatro mil setecientas veinte». Llovió desde el cambio de guardia y no paró en toda la tarde. Al cierre, el programa decía doce mil toneladas y el sistema marcó siete mil doscientas ochenta. El jefe de mina los llama a la oficina y pone tres papeles sobre la mesa: la asignación de equipos de la guardia, las fichas de la flota y el reporte de movimiento. «No me digan que faltó gente, porque vinieron todos. Y no se malogró nada, ya lo pregunté.» En la ficha del camión grande, el de doscientas cuarenta toneladas, dice que se carga de manera efectiva con cinco pases de la pala. En el reporte de movimiento, la casilla de pases por camión dice cuatro, la misma cifra toda la guardia. La asignación puso uno de los camiones más chicos, los de doscientas treinta, en la ruta del botadero; ese modelo es el que en la unidad tiene fama de irse de lado cuando la pista está mojada. Y en el registro de destinos hay un polígono que salió del banco marcado con ley por encima de la de corte, y aparece descargado en botadero. El jefe mira el reloj. «Tengo reunión en quince minutos y me van a preguntar por las cuatro mil setecientas veinte. Explíquenmelas con lo que está ahí, y déjenme algo escrito que yo pueda mandar.» Antes de que salgan, añade: «el año pasado, con la pista así, uno de esos camiones se nos fue de lado en la curva del botadero. No hubo desgracia por poco».",Nadie faltó y nada se malogró. ¿Se puede explicar el faltante sin haber estado en el banco?,"RECURSO 1 — Los tres papeles: asignación de equipos, fichas de la flota y reporte de movimiento. RECURSO 2 — El formato de reporte de desviación, en blanco: tres bloques con qué se desvió, con qué dato se prueba y qué se pide corregir, y un pie para la cuenta. ANCLAJE: Mina Constancia (Hudbay), tesis UAP — textual, «CAT 793F. Son 19 en total, este equipo de 240 toneladas de capacidad, puede cargarse de manera efectiva con 5 pases» y «Hitachi EH4000… este equipo tiene problemas de derrapamiento en condiciones adversas (pistas mojadas con lluvia, granizo), se ha presentado un accidente de consideración». Pala Hitachi EX-5600 con cuchara de 27 m³. https://repositorio.uap.edu.pe/handle/20.500.12990/4327. EL DATO SEMBRADO son los cuatro pases del reporte contra los cinco de la ficha; la respuesta va solo en la nota al instructor.","En parejas, 20 minutos. Cada pareja redacta el reporte de desviación de la guardia: tres desviaciones, cada una con qué se desvió, con qué dato se prueba y qué se pide corregir. Al pie, la cuenta de los pases escrita a mano. Firma, fecha y guardia. REPARTO DEL TIEMPO: 4 min los tres papeles · 12 min las tres desviaciones y la cuenta · 4 min escribir y firmar. CIERRE DIRIGIDO POR EL INSTRUCTOR, no se entrega: se abre en plenario cuál de las tres no resta ni una tonelada y por qué se reporta igual.",,,"El documento del técnico, resuelto en parejas. Se revisa en clase; no lleva nota."
CASO-EOM-METEXP-S2,EOM-METEXP-S2,sesion,EOM-METEXP,EOM-METEXP-B1,IND-EOM-METEXP-1,"«El bloc del ayudante». Hace tres semanas entró un ayudante nuevo a una unidad polimetálica de la sierra central. El jefe de guardia le dio un bloc y le dijo que anotara todo lo que fuera viendo. El ayudante hizo caso: caminó la guardia entera detrás del maestro, de la galería al tajeo y de vuelta, y llenó una hoja con nueve anotaciones, en el orden en que las vio —que no es el orden en que se hacen—. Hoy el jefe le pide que pase eso al reporte del ciclo y se lo deje firmado antes del cambio de turno. El ayudante llega donde ustedes con el bloc abierto. Lo único que lo tiene trabado es que anotó dos veces lo mismo, en dos momentos distintos de la guardia, y no sabe cuál de las dos borrar. Mientras leen, el capataz pasa y comenta sin detenerse: «la guardia pasada, en el tajeo de al lado, entraron a limpiar apenas se fue el humo. Cayó una plancha del techo sobre la cuchara del scoop. Dos días parado el equipo, y de milagro nadie debajo.»","Todo lo que anotó pasó de verdad, y aun así el reporte del ciclo no se llena copiando el bloc. ¿Qué hay que hacerle a esas nueve anotaciones antes de pasarlas?","RECURSO 1 — El bloc del ayudante: las nueve anotaciones tal como las escribió (ver variante). RECURSO 2 — Cuadro impreso de tres columnas para llenar. ANCLAJE NORMATIVO: D.S. 024-2016-EM, Art. 224 b) —desatar todas las rocas sueltas «antes, durante y después de la perforación; asimismo, antes y después de la voladura»—, Art. 224 c) —el desatado manual va obligatoriamente con dos personas, una desata y la otra vigila— y Art. 240 —prohibido el ingreso a labor de reciente disparo hasta que los gases bajen del límite—. Regar el material roto antes de removerlo es exigencia del capítulo de uso de ANFO del mismo reglamento. ANCLAJE OPERATIVO: Ccaso Yucasi, E. I. (2018), «Evaluación económica en el avance de frentes horizontales del Nv 4100 con barras de 16 pies, Mina Minsur S.A., Unidad Minera Raura», UNAP, apartado 2.6 operaciones unitarias. https://repositorio.unap.edu.pe/handle/20.500.14082/8268 — la unidad NO se nombra en el enunciado.","En parejas, 20 minutos. Cada pareja llena el cuadro que se entrega, sobre las nueve anotaciones del bloc: (1) numérenlas en el orden en que se ejecutan; (2) al costado de cada una escriban qué le pasa al material —qué entra y qué sale—. Si al material no le pasa nada, dejen la casilla en blanco; (3) las que quedaron en blanco, júntenlas aparte y digan en qué momento de la guardia se hacen. Eso es todo lo que se entrega. CIERRE DIRIGIDO POR EL INSTRUCTOR, no se entrega ni se califica: recogidos los cuadros, el instructor abre en plenario la pregunta que el ayudante trajo —«anotó dos veces lo de la barretilla: ¿cuál borramos?»—, toma dos o tres respuestas y cierra él con el Art. 224 b) en pantalla.","EL BLOC DEL AYUDANTE — nueve anotaciones, en el orden en que las escribió. 1) «Pusieron pernos y malla en el techo, unos tres metros contados desde el frente.» 2) «El jumbo hizo 38 taladros de 12 pies en el frente de la galería.» 3) «Bajaron rocas sueltas del techo con una barretilla larga; uno bajaba y el otro miraba.» 4) «El camión de bajo perfil se llevó el material desde la cámara de acumulación hasta el echadero del nivel.» 5) «Prendieron la manga y esperaron un rato; el frente todavía tenía humo del turno anterior.» 6) «El scoop entró al frente, sacó lo roto y lo fue dejando en la cámara — nueve baldes.» 7) «Cargaron los taladros con emulsión y los amarraron con fanel; el disparo queda para el cambio de guardia.» 8) «Antes de que entrara el jumbo volvieron a bajar rocas sueltas del techo.» 9) «Regaron con agua el material roto antes de que el scoop lo removiera.»",,"El cuadro con las nueve anotaciones ordenadas y clasificadas, resuelto en parejas. Se revisa en clase; no lleva nota."
CASO-EOM-METEXP-S3,EOM-METEXP-S3,sesion,EOM-METEXP,EOM-METEXP-B1,IND-EOM-METEXP-1,"«El requerimiento de la guardia». Un técnico con tres meses en la unidad recibe el requerimiento de dos labores para la misma guardia y tiene que pedir a almacén lo que hace falta en cada una. La primera es una rampa de cuatro metros por tres y medio, con energía tendida hasta el frente. La segunda es una galería angosta sobre veta: dos metros diez de ancho por metro y medio de alto, sin energía, y hasta ella solo llegan las líneas de aire y agua. El técnico llena el primer requerimiento con cuidado y para el segundo copia la misma lista, porque —dice— las operaciones son las mismas en las dos. Se lo lleva al jefe de guardia para firmar. El jefe no lo firma: se lo devuelve y le dice que lo revise con ustedes. Mientras lo miran, el capataz comenta desde la puerta: «el mes pasado mandaron el jumbo a una labor así de angosta. Dos horas maniobrando sin poder encarar el frente, y la guardia se fue en nada.»","Las cinco operaciones son las mismas en las dos labores. Entonces, ¿por qué no puede ser la misma lista?","RECURSO 1 — La lista de almacén con los datos de las dos labores (ver variante). Se marca, no se escribe: reconocer entre distractores es más exigente que llenar en blanco (§12). RECURSO 2 — Cuadro impreso de dos columnas, una por labor. ANCLAJE: todos los equipos, modelos y capacidades son los de Ccaso Yucasi, E. I. (2018), «Evaluación económica en el avance de frentes horizontales del Nv 4100 con barras de 16 pies, Mina Minsur S.A., Unidad Minera Raura», UNAP, apartados 2.6 (operaciones unitarias) y 2.7 (sostenimiento). https://repositorio.unap.edu.pe/handle/20.500.14082/8268 — la unidad NO se nombra en el enunciado. Las secciones de labor salen del mismo trabajo, Figuras 2.8 a 2.11. El juego de barretillas de 4 a 12 pies y el scaler figuran en su apartado 2.6.3; el D.S. 024-2016-EM Art. 218 exige dos juegos de cuatro barretillas por labor.","En parejas, 20 minutos. Sobre la lista de almacén, marquen lo que va en cada labor: una columna para la rampa y otra para la galería angosta. Al costado de cada marca, una palabra que diga POR QUÉ ese y no el otro —la sección, la energía, el recorrido—. Nada más se entrega. CIERRE DIRIGIDO POR EL INSTRUCTOR, no se entrega ni se califica: recogidas las listas, el instructor abre en plenario «hay una fila que se marca igual en las dos columnas: ¿cuál, y por qué?» —son las barretillas, que el reglamento exige en toda labor— y cierra él.","LISTA DE ALMACÉN — hay que marcar lo que corresponde a cada labor, no escribir. PERFORACIÓN: jumbo Sandvik DD321 de dos brazos · jumbo Sandvik DD311 de un brazo · perforadora jackleg con pierna de avance · barrenos de 12 pies · barrenos de 4 pies · brocas de botones. VOLADURA: cargador neumático de ANFO Penberty GSA HD · emulsión encartuchada · cordón detonante · fanel de periodo largo · guía de seguridad · atacador de madera. DESATE: juego de barretillas de 4, 6, 8, 10 y 12 pies · scaler mecanizado. CARGUÍO Y ACARREO: scooptram CAT R1600G de 6 yd³ · scooptram CAT R1300G de 4 yd³ · carretilla buggy · winche de arrastre con rastrillo · camión de bajo perfil de 5 m³. SOSTENIMIENTO: pernos helicoidales · split set · perno hidrabolt · malla electrosoldada · cemento embolsado Cembolt y resina · cuadros de madera · cimbras metálicas · jumbo empernador Robolt. DATOS DE LAS DOS LABORES — RAMPA 340: sección 4,00 × 3,50 m · energía tendida al frente · aire, agua y ventilación por manga de 32 pulg · RMR 62 · recorrido al echadero 80 m. GALERÍA 285 sobre veta: sección 2,10 × 1,50 m · sin energía · aire y agua tendidos · manga de 12 pulg hasta 20 m del frente · RMR 34 · recorrido al echadero 35 m por galería con rieles.",,"La lista de almacén marcada en dos columnas, con el porqué de cada marca. Se revisa en clase; no lleva nota."
CASO-EOM-METEXP-S4,EOM-METEXP-S4,sesion,EOM-METEXP,EOM-METEXP-B1,IND-EOM-METEXP-2,"«Dos zonas, dos plantillas». En la sala de planeamiento hay dos planos colgados, uno al lado del otro, de dos zonas de la misma unidad. El planificador los está comparando cuando entran ustedes. «Miren», les dice, «el año pasado un practicante me pidió el mismo requerimiento de madera para las dos. Se lo aprobé sin mirar. En la zona norte no se usó ni un puntal y en la sur nos quedamos cortos a media guardia; hubo que parar el tajeo dos días esperando abastecimiento.» En el plano de la ZONA NORTE se ven una rampa que baja pegada a la caja piso, accesos horizontales que salen de ella cada treinta metros, y entre dos de esos accesos un hueco grande, vacío, de veinte metros de ancho. Al costado hay anotado: cuerpo de 20 m de potencia, buzamiento 70°, RMR del mineral 55, caja piso 65, caja techo 45. En el plano de la ZONA SUR se ven cortes horizontales delgados, uno encima del otro, y una chimenea que los comunica; los cortes de abajo aparecen achurados y con la palabra «relleno». Al costado: veta de 1,20 m de potencia, buzamiento 80°, RMR de cajas 45. El planificador se va a una reunión y les deja los dos planos sobre la mesa.",Los dos planos son de la misma mina y ninguno dice qué método se aplica. ¿Qué hay en el dibujo que lo delata?,"RECURSO 1 — Los dos planos con sus anotaciones y la lista de indicios (ver variante). Se marca, no se escribe. RECURSO 2 — Las dos casillas de zona van EN LA MISMA HOJA de la lista de indicios: una sola hoja por pareja, no se reparte cuadro aparte. Es lo que hace que quepa en 15 minutos. ANCLAJE: la ZONA NORTE son los parámetros reales de Cerro Lindo (Nexa Resources) recogidos en una tesis de la UNDAC —buzamiento 65-75°, RMR del mineral 50-60, caja piso 60-70, caja techo 40-50, subniveles cada 30 m, tajeos de 30 × 20 × 25 m, rampas de 5 × 5 m—: http://repositorio.undac.edu.pe/bitstream/undac/1881/1/T026_73583383_T.pdf. La ZONA SUR son los de una veta angosta de alto buzamiento descrita en otra tesis de la UNDAC —potencia 0,8 a 1,4 m, buzamiento 80-85°, cajas de calidad Regular B, RMR 41-50—: http://repositorio.undac.edu.pe/bitstream/undac/2053/4/T026_70127425_T.pdf. Las cifras de las dos variantes caen dentro de esos rangos verificados. NINGUNO DE LOS DOS MÉTODOS SE NOMBRA en el enunciado ni en las fichas.","En parejas, 15 minutos. La lista de indicios trae dos casillas por línea, una por zona: marquen a qué zona corresponde cada indicio —hay indicios que valen para las dos, y esos llevan las dos casillas—. Después, en una línea por zona: qué método se está aplicando ahí y con qué DOS datos del plano lo sostienen. Eso es todo lo que se entrega. REPARTO DEL TIEMPO: 4 min leer los dos planos · 6 min marcar los diez indicios · 5 min las dos líneas. CIERRE DIRIGIDO POR EL INSTRUCTOR, no se entrega ni se califica: recogidas las hojas, el instructor abre en plenario la pregunta del planificador —«¿por qué en una zona no se gastó madera y en la otra faltó?»— y cierra él.","LAS DOS ZONAS, tal como están anotadas en los planos. ZONA NORTE — Potencia del cuerpo: 20 m. Buzamiento: 70°. RMR del mineral: 55. RMR caja piso: 65. RMR caja techo: 45. Labores que se ven en el plano: rampa de 5,0 × 5,0 m paralela al cuerpo y pegada a la caja piso; subniveles de 5,0 × 4,5 m cada 30 m con 2 % de gradiente; chimenea de cara libre; tajeos de 30 m de alto por 20 de ancho por 25 de largo; galería de transporte y crucero de extracción por debajo. El hueco entre dos subniveles está vacío. ZONA SUR — Potencia de la veta: 1,20 m. Buzamiento: 80°. RMR de cajas: 45. Labores que se ven en el plano: cortes horizontales sucesivos de 3,0 m de alto, uno sobre el otro; chimenea de acceso y servicio; los cortes inferiores aparecen rellenados; galería base al pie de la veta. LISTA DE INDICIOS PARA MARCAR — cuál de los dos plantea cada uno: el hueco queda vacío · el hueco se rellena después de cada corte · se avanza de abajo hacia arriba en cortes · el mineral se saca por gravedad hacia el nivel de abajo · hace falta chimenea · hacen falta subniveles cada 30 m · las cajas tienen que aguantar solas una abertura de 20 m · el ancho de minado se parece a la potencia de la veta · entra equipo mecanizado de gran tamaño · el control es la ley y la dilución corte a corte.",,"La lista de indicios marcada por zona, y una línea por zona con el método y los dos datos que lo sostienen. Se revisa en clase; no lleva nota."
CASO-EOM-METEXP-S5,EOM-METEXP-S5,sesion,EOM-METEXP,EOM-METEXP-B1,IND-EOM-METEXP-1,"«El parte que recibí». Su equipo entra a la guardia de día en una unidad mecanizada de la sierra de Huánuco. El jefe de guardia que sale los espera en la bocamina con el papel en la mano y el casco ya bajo el brazo. «Tengo la movilidad esperando, así que se los cuento rápido», les dice, y les va señalando el parte con el dedo. En el frente 340 dispararon a las cinco de la mañana; cuando él pasó todavía había humos y nadie había entrado. El tajeo 12 está limpio hasta el tope, y ahí sí alcanzó a mirar: el techo quedó sin asegurar. De la rampa 02 dice que la sostuvieron ayer, malla y pernos hasta el tope, y que la dejaron lista. Al pie del parte, sobre la línea del tajeo 12, hay algo escrito más apretado, con otra letra: «ver piso». Nada más. «Eso lo puso el capataz, no yo», dice cuando se lo preguntan. «Ustedes verán qué encuentran.» Ya subiendo a la camioneta se da vuelta. «Y ojo con el orden. Hace dos semanas entró una guardia al tajeo doce y se pusieron a perforar el techo sin haberlo asegurado. No pasó nada, pero el capataz los sacó de la labor y el frente se quedó parado todo el turno.» El programa del día, pegado en la pizarra, dice avanzar en las tres.",Las tres están a mitad del mismo ciclo. ¿Por qué en ninguna se empieza por lo mismo?,"RECURSO 1 — El parte de la guardia saliente, con las tres labores y la nota a mano del capataz. RECURSO 2 — El formato de reporte de guardia entrante, en blanco: una fila por labor, con casillas para el estado recibido, la operación que continúa, lo que se detiene si se altera el orden, y la casilla «falta el dato». ANCLAJE: el ciclo y las labores son los de la Unidad Minera Raura (Minsur), descritos en Ccaso Yucasi (2018), UNAP, §2.6 operaciones unitarias del minado. https://repositorio.unap.edu.pe/handle/20.500.14082/8268. NO SE NOMBRA ninguna operación en el parte que reciben: solo el estado en que quedó cada labor.","En parejas, 15 minutos. Cada pareja llena el reporte de guardia entrante: una fila por labor, con el estado en que la recibe, la operación unitaria con la que continúa, y qué se detiene si se salta la anterior. Donde el parte saliente no alcance para decidir, se marca «falta el dato» y se nombra cuál. El reporte va firmado por la pareja. REPARTO DEL TIEMPO: 3 min leer el parte · 8 min las tres filas · 4 min revisar y firmar. CIERRE DIRIGIDO POR EL INSTRUCTOR, no se entrega ni se califica: recogidos los reportes, se abre en plenario qué es «ver piso» y por qué esa nota cambia lo que se puede escribir.",,,"El documento del técnico, resuelto en parejas. Se revisa en clase; no lleva nota."
CASO-EOM-METEXP-S7,EOM-METEXP-S7,sesion,EOM-METEXP,EOM-METEXP-B2,IND-EOM-METEXP-2,"«La veta que no cabe». El tajeo de la veta Mary lleva sesenta metros corridos y esta semana entraron geología y geomecánica a levantarlo por tramos. Geología marcó tres tramos con potencias distintas: un metro diez en el primero, tres veinte en el segundo y sesenta centímetros en el tercero. Geomecánica levantó la calidad de las cajas y dejó su nota en cada uno: cincuenta y cinco, veintiséis y cuarenta y cinco. La tabla geomecánica de la labor está clavada en la entrada, con la firma del ingeniero colegiado y la vigencia del mes. La unidad es mecanizada: al tajeo entran el jumbo y el scooptram, y por eso no se mina por debajo de dos cuarenta. El maestro los espera al pie de la chimenea con la barretilla al hombro. «Ya me dijeron que ustedes traen los anchos», les dice. «Díganme uno y yo rompo, que tengo que llegar a los tres disparos del turno.» Uno del equipo empieza a decirle que depende, y el maestro lo corta: «depende de qué, si es la misma veta». Antes de bajar, el jefe de guardia les advierte por radio: «no me manden un solo ancho para los tres tramos. El año pasado se hizo así y en el tramo del medio se vino una caja. El tajeo estuvo parado nueve días».",Es la misma veta y el mismo maestro. ¿Por qué no puede haber una sola respuesta?,"RECURSO 1 — El levantamiento por tramos: potencia de geología y RMR de cajas de geomecánica. RECURSO 2 — La tabla geomecánica del Art. 33, con sus DOS aberturas: Regular A / RMR 51-60 / 5,0 m sin sostener / pernos sistemáticos / habilita 8,0 m — Regular B / 41-50 / 3,5 m / pernos + malla / 10,0 m — Mala A / 31-40 / 3,0 m / shotcrete SFR + Hydrabolt / 12,0 m — Mala B / 21-30 / 2,0 m / shotcrete + cimbras / 6,0 m. RECURSO 3 — El formato de instrucción de minado para la pizarra de labor, en blanco. DATO DE LA UNIDAD: ancho mínimo de minado 2,40 m por ser operación mecanizada. FUENTE de la tabla: U.M. Parcoy, Consorcio Minero Horizonte, tesis UNSAAC vía INGEMMET, https://app.ingemmet.gob.pe/biblioteca/pdf/TE0380.pdf · Marco legal: D.S. 024-2016-EM, Art. 33.","En parejas, 20 minutos. Cada pareja escribe la instrucción de minado que queda en la pizarra de la labor: un renglón por tramo, y en cada renglón la abertura que ese terreno admite sin sostener, la potencia de la veta, el ancho que se rompe y el sostenimiento que va antes de romper. Firma y fecha, porque es una instrucción que el maestro va a ejecutar. REPARTO DEL TIEMPO: 4 min leer la tabla · 12 min los tres renglones · 4 min revisar y firmar. CIERRE DIRIGIDO POR EL INSTRUCTOR, no se entrega: se abre en plenario por qué el tramo más angosto es el que más desmonte produce.",,,"El documento del técnico, resuelto en parejas. Se revisa en clase; no lleva nota."
CASO-EOM-METEXP-S8,EOM-METEXP-S8,sesion,EOM-METEXP,EOM-METEXP-B2,IND-EOM-METEXP-3,"«La rampa cambió de signo». Su equipo entró como asistente técnico a una unidad mecanizada de la sierra de Huánuco. Planeamiento va a abrir la Rampa 340 para llegar al Nivel 4100, y la hoja de condiciones que se le manda al contratista ya está firmada: sección de cuatro cincuenta por cuatro metros, gradiente de doce por ciento, y las cinco líneas llenas. El contratista empieza el lunes. Esta mañana, en la reunión, el proyecto cambió: la 340 ya no va a subir hacia el nivel superior, va a bajar al 4100. El superintendente saca la hoja, tacha «positiva» a mano y escribe «negativa» encima, sin fecha ni firma. «La sección no la muevo y el doce por ciento tampoco, eso está calculado para que el agua corra», les dice. «Pero esta hoja se llenó pensando en la rampa de antes.» Sobre la mesa quedan las fichas de los tres equipos que van a trabajar ahí: el jumbo Sandvik de dos brazos, el scooptram Caterpillar de seis yardas y el camión de bajo perfil de cinco metros cúbicos. La galería del nivel tiene rieles de sesenta libras y trocha de treinta pulgadas; la rampa no lleva ninguno. «Díganme qué líneas hay que rehacer y cuáles se quedan como están, antes de que yo vuelva a firmar. Si me equivoco de línea construyo mal, y si las rehago todas paro la obra sin necesidad.» Ya saliendo se da vuelta. «El año pasado entregamos la 220 con la hoja de la rampa anterior. El primer volquete cargado se quedó a media cuesta y hubo que bajarlo con otro equipo.»",No se movió ni un centímetro de la rampa ni un punto de la gradiente. ¿Entonces por qué hay que rehacer la hoja?,"RECURSO 1 — La hoja de condiciones ya firmada, con el tachón a mano: sección 4,50 × 4,00 m · gradiente 12 % · energía · vía · condición del piso. RECURSO 2 — Las fichas de los tres equipos: jumbo Sandvik DD321 de dos brazos, scooptram CAT R1600G de 6 yd³ y camión de bajo perfil de 5,0 m³. RECURSO 3 — El estándar de labores de la unidad: 3,50 × 3,50, 4,00 × 4,00 y 4,50 × 4,00 m; galería con rieles de 60 lb/yd y trocha de 30"". ANCLAJE: Ccaso Yucasi (2018), UNAP, Unidad Minera Raura, §2.6 — textual, «se trabaja con gradiente para la construcción de rampas ya sean positivas y negativas que es de 12%» y la gradiente se da «para que fluya el agua y para ayudar a que el transporte no realice esfuerzos mayores». https://repositorio.unap.edu.pe/handle/20.500.14082/8268. LA FICHA DEL SCOOPTRAM NO TRAE gradiente máxima cargado: es el dato que hay que solicitar, no suponer.","En parejas, 20 minutos. Cada pareja entrega la hoja de condiciones corregida: las cinco líneas, cada una con el valor exigido y el equipo que lo impone, marcando las que hay que rehacer. Al pie, la línea de dato solicitado. REPARTO DEL TIEMPO: 2 min el relato · 3 min las fichas · 10 min las cinco líneas · 5 min escribir y firmar. CIERRE DIRIGIDO POR EL INSTRUCTOR, no se entrega: se abre en plenario hacia dónde corre el agua en cada sentido de rampa y qué hace falta en el fondo.",,,"El documento del técnico, resuelto en parejas. Se revisa en clase; no lleva nota."
CASO-EOM-METEXP-S9,EOM-METEXP-S9,sesion,EOM-METEXP,EOM-METEXP-B2,IND-EOM-METEXP-3,"«El programa ya está firmado». El lunes a primera hora el programa semanal aparece pegado en la sala de reparto, con la firma del jefe de mina abajo y los equipos ya repartidos por labor. Hay cuatro labores en el programa: el frente 285, el tajeo 12, la rampa 340 y la chimenea 07. Al costado, en la columna de equipo, lo que le tocó a cada una. En almacén hay seis máquinas disponibles esta semana: dos jumbos, uno de un brazo y otro de dos; un scooptram eléctrico de seis yardas y uno diésel de una y media; un winche de arrastre; y un camión de bajo perfil. Las fichas de las seis están en la carpeta de la sala, y las de las cuatro labores también, con su sección y su gradiente. El supervisor de mina los encuentra leyendo el programa. «Está firmado, sí», les dice. «Pero firmado no es lo mismo que revisado. Yo lo armé el viernes a las seis con lo que había en el sistema.» Les deja la carpeta sobre la mesa. «Si algo no procede, me lo devuelven observado antes de las diez, que a esa hora bajan los equipos.» Y antes de irse añade: «y observen lo que de verdad no procede. El mes pasado me devolvieron el programa con seis observaciones, cuatro no eran, y perdimos media guardia discutiendo mientras las máquinas estaban paradas arriba».","El programa ya lo firmó el jefe de mina. ¿Qué te autoriza a devolverlo, y qué tienes que poner para que te lo acepten?","RECURSO 1 — El programa semanal firmado, con las cuatro labores y su equipo asignado. RECURSO 2 — Las fichas de los seis equipos de almacén y las de las cuatro labores, con sección y gradiente. ANCLAJE: labores y equipos de la Unidad Minera Raura (Minsur) según Ccaso Yucasi (2018), UNAP, §2.6 y §2.7 — jumbos Sandvik DD311 y DD321, scooptrams CAT R1600G de 6 yd³ y R1300G de 4 yd³, camión de bajo perfil de 5,0 m³, secciones de 3,50 × 3,50, 4,00 × 4,00 y 4,50 × 4,00 m. https://repositorio.unap.edu.pe/handle/20.500.14082/8268. EL PROGRAMA NO DICE cuáles asignaciones están mal, ni cuántas.","En parejas, 20 minutos. Cada pareja devuelve EL PROPIO PROGRAMA marcado: visto bueno o observación en cada asignación, y al margen de cada observación la exigencia que no se cumple y el dato de la ficha que lo prueba. Abajo, una línea con la labor que queda sin poder trabajar. Firma y fecha del que observa. REPARTO DEL TIEMPO: 4 min leer programa y fichas · 12 min las cuatro asignaciones · 4 min la línea de cierre y la firma. CIERRE DIRIGIDO POR EL INSTRUCTOR, no se entrega: se abre en plenario por qué observar de más cuesta lo mismo que no observar.",,,"El documento del técnico, resuelto en parejas. Se revisa en clase; no lleva nota."
CASO-EOM-SOST-1,,colaborativo,EOM-SOST,EOM-SOST-B1,IND-EOM-SOST-1;IND-EOM-SOST-2,"«Lo que dijo el papel y lo que dice la roca». Su equipo entró este mes como asistentes de geomecánica a una unidad polimetálica de la sierra central, a cuatro mil quinientos metros. El primer día el jefe de geomecánica los baja al nivel 570 con dos papeles y una picota. El primero es el informe de zonificación, de hace cuatro meses: divide el nivel en cuatro zonas y trae el RMR escrito zona por zona, con su clase al costado. El segundo es el consumo de almacén del último mes: salió perno helicoidal y salió malla electrosoldada, de shotcrete no se movió un metro cúbico, y cimbras no hay ninguna en la unidad. «Vamos a caminar el nivel», les dice. «Ustedes anoten.»

Entran por la galería principal, que es de cuatro por cuatro y se queda mientras la mina opere: por ahí sale todo el mineral. A los ochenta metros está la puerta de ventilación, y ese tramo de galería es la ZONA 03. El jefe marca un metro cuadrado en la caja con tiza y cuenta en voz alta: quince fracturas. Le da con la picota y la punta se hunde más de medio centímetro en la caja. Desde que la galería cruzó una falla, veinte metros antes de la puerta, gotea permanente y no ha parado en todo el año. «Acá el informe dice Clase III», comenta, y sigue caminando.

De la misma galería, un poco antes, sale el crucero que va al cuerpo mineralizado: tres cincuenta por tres cincuenta, abierto hace ocho meses, y que se cierra cuando se termine de explotar el bloque. Ésa es la ZONA 01. Ahí el metro cuadrado da ocho fracturas y la caja recién se rompe al tercer o cuarto golpe; está seca. Del crucero, a mitad de camino, arranca la ZONA 04: la ventana de exploración, de tres por tres, que avanzaron el año pasado para alcanzar una veta paralela y que a los quince metros corta al subnivel, más angosto, de dos cuarenta por dos cuarenta. En la ventana el metro cuadrado da cuatro fracturas y la roca aguanta bien los golpes; pero en el cruce con el subnivel el techo tiene la huella de un desprendimiento viejo que nadie limpió. La ZONA 02 queda del otro lado del crucero y la mapea la otra guardia; el jefe la anota igual en la libreta, por costumbre.

Al final del recorrido les entrega la libreta. «Quiero el reporte de las zonas 01, 03 y 04 antes de que baje la guardia, con el sostenimiento que le corresponde a cada una y con qué llegaron a eso.»

Ya en la puerta se da vuelta. «Y ojo con el cruce de la ventana. Hace dos años se nos vino el techo en una intersección igualita. El reporte decía Clase III y la roca no lo era.»","Cuando el informe de zonificación dice una cosa y la roca que tienes delante dice otra, ¿con cuál te quedas para decidir el sostenimiento, y cómo lo sustentas?","Cartilla geomecánica GSI (CARTILLA-GEOMECANICA-GSI-REV-01.pdf), con su cruce de fracturas por m2 y condición superficial, sus calidades A-F con banda RMR y sus tablas de sostenimiento por tipo de labor · Plantillas del reporte de zona y de la hoja de cierre · Lista de elementos con distractores, para marcar —todos enseñados en las sesiones 1 y 2—: split set de 5 y de 7 pies, perno helicoidal, cable bolting, malla electrosoldada, shotcrete de 2 a 4 pulgadas con fibra, cimbra metálica, cuadro de madera, guardacabeza, marchavante · Informe de zonificación de hace cuatro meses, con el RMR y la clase por zona · Consumo de almacén del último mes · Estándar de sostenimiento de la mina, con el espaciamiento y la longitud de perno por sección de labor (la cartilla remite a él en su nota 1)","Dos entregables: un INFORME TÉCNICO y su PRESENTACIÓN. El informe se llena sobre los formatos que vienen abajo —una hoja por zona, más la hoja de cierre—. Se resuelve leyendo el relato y MARCANDO sobre la cartilla geomecánica GSI y la lista de elementos, que trae más ítems de los necesarios.

FORMATO          REPORTE GEOMECÁNICO DE ZONA          una hoja por zona

ZONA: 01 / 03 / 04        Levantado por: __________        Fecha: ______

1 · CARACTERIZACIÓN DEL MACIZO
    Fracturas por m2 .....  2-5 [ ]   6-11 [ ]   12-20 [ ]   >20 [ ]
    Estructura ...........  LF [ ]  F [ ]  MF [ ]  IF [ ]
    Condición superficial   Buena [ ] Regular [ ] Pobre [ ] Muy pobre [ ]
    Agua .................  Seco [ ]  Goteo [ ]  Flujo [ ]
    CASILLA GSI ..........  ____ / ____
    CALIDAD (A-F) ........  ____      Banda RMR: ____

2 · LA LABOR
    Tipo .................  Avance [ ]   Explotación [ ]
    Sección ..............  ______ x ______ m
    Ancho de minado ......  <= 2,4 m [ ]   > 2,4 m [ ]
    Temporalidad .........  Permanente [ ]   Temporal < 1 año [ ]

3 · SOSTENIMIENTO QUE CORRESPONDE (de la cartilla)
    Elemento .............  ____________________
    Espaciamiento ........  ____________________
    Refuerzo .............  ____________________

4 · LOS ELEMENTOS, DESCRITOS   (marcar solo los de esta zona)
    [ ] Split set 5 pies  [ ] Split set 7 pies  [ ] Perno helicoidal
    [ ] Cable bolting     [ ] Malla electrosoldada
    [ ] Shotcrete 2-4"" con fibra    [ ] Cimbra metálica
    [ ] Cuadro de madera  [ ] Guardacabeza  [ ] Marchavante
    Para cada uno marcado — qué trabajo hace y su especificación técnica:
    ____________________________________________________________

                                     Firma del que levantó: ________

FORMATO          HOJA DE CIERRE · LA ZONA QUE LA CARTILLA NO RESUELVE

    ¿Cuál es? .....................  Zona ____
    ¿Por qué la cartilla no basta?   ________________________________
    Lo que proponemos, y de qué fila
    de la cartilla lo sacamos .....  ________________________________
    Lo que consultamos al jefe de
    geomecánica antes de instalar .  ________________________________

    El informe de hace cuatro meses dice ____ para esa zona.
    Nosotros medimos ____.  Nos quedamos con ____ porque ___________.

                                     Firma del equipo: ____________

PRESENTACIÓN de 4 láminas, que se sustenta en 8 minutos: las tres zonas con su casilla GSI, el sostenimiento de cada una con su espaciamiento, la zona que la cartilla no resuelve, y lo que se consulta. Cada integrante responde por la parte que expuso. ROLES: zona 01, el crucero / zona 03, el tramo junto a la puerta de ventilación / zona 04, la ventana en su cruce con el subnivel / la hoja de cierre.",,,"Cada equipo entrega un reporte geomecánico por zona más la hoja de cierre, y lo sustenta con una presentación de 4 láminas en 8 minutos. Se evalúa con rúbrica de 5 criterios (20 pts)."
CASO-EOM-SOST-2,,colaborativo,EOM-SOST,EOM-SOST-B2,IND-EOM-SOST-3,"«La rampa se movió». Su equipo pasó a la rampa de profundización de una unidad aurífera del norte, la Rp_570. Es de cuatro cincuenta por cuatro cincuenta y avanza tres veinte por disparo; quedan cien metros por sostener hasta el siguiente nivel. El mapeo de la semana pasada dio quince fracturas por metro cuadrado y roca que cede con uno o dos golpes de picota, con goteo esporádico, y sobre eso se armó el pedido de almacén con el estándar de la mina.

Todo iba bien hasta que a los veinte metros el techo se realzó metro y medio y se vino una sección entera. Cuando entran a ver, la cosa cambió: el agua ya no gotea, sale un chorro que miden en dos litros por segundo; hay pernos colgados y otros partidos limpios cerca de la cabeza; la malla está descolgada en tres paños; y la roca chispea cuando le dan con la picota.

El jefe de geomecánica llega con el pedido original en la mano. «Almacén cierra a las seis y yo tengo que decirles qué mando. Quiero el requerimiento del tramo que falta, y quiero saber qué hacemos con lo que ya está puesto.»

Ya en la puerta se da vuelta. «El año pasado, en la 480, alguien mandó reforzar encima de la malla rota para no parar el avance. Se vino igual, y encima se vino con la gente sacando los pernos.»","Cuando el terreno se degrada a mitad de un tramo ya pedido, ¿qué del requerimiento inicial sigue sirviendo, y qué se hace con el sostenimiento que ya está instalado y falló?","Cartilla geomecánica GSI (CARTILLA-GEOMECANICA-GSI-REV-01.pdf), con sus notas de longitud de perno y espaciamiento · Plantilla del requerimiento · Estándar de sostenimiento de la mina, con el espaciamiento de perno por sección de labor · Lista de verificaciones de recepción, con distractores: prueba de arranque, torque de platina, longitud de empotramiento, espesor de shotcrete, rebote, dosificación, traslape de malla, fragua · Norma de seguridad vigente (D.S. 024-2016-EM y modificatorias) · ESTÁNDAR DE LA MINA (verificado en fuente): perno helicoidal de 19 mm de diámetro; longitud 7 pies para secciones de 3,00 x 3,00 hasta 4,50 m; broca de 32 mm y taladro 10 cm más corto que el perno; platina de 20 x 20 cm y 5 mm de espesor con tuerca esférica; por cada perno de 7 pies, 2 cartuchos de resina y 4 de cemento; malla electrosoldada de 1/8"" en cuadrícula de 4"" x 4"" para roca de RMR 41-50, y de 2"" x 2"" más shotcrete de 2"" para RMR 21-40 · FUENTE: Quispe Basurco, A. y Portal Calderón, M. (2021), Estudio del sostenimiento activo y pasivo en labores de avance temporales y permanentes en una mina de oro subterránea en La Libertad. Universidad Privada del Norte, Cajamarca. repositorio.upn.edu.pe","Dos entregables: un INFORME TÉCNICO y su PRESENTACIÓN. El informe es el REQUERIMIENTO, que se llena sobre el formato de abajo UTILIZANDO el espaciamiento y las tablas de la cartilla geomecánica GSI y el estándar de la mina, y MARCANDO sobre la lista de verificaciones de recepción, que trae más ítems de los que verifica el técnico.

FORMATO          REQUERIMIENTO DE SOSTENIMIENTO DEL TRAMO

1 · CONDICIÓN INICIAL Y ESTÁNDAR
    Casilla GSI ____/____   Calidad ____   Banda RMR ____
    Labor: avance [ ]  explotación [ ]    Sección ____ x ____ m
    Sostenimiento de la cartilla .....  ____________________
    Espaciamiento del estándar .......  ____________________
    Longitud de perno para la sección   ____________________

2 · CÁLCULO DEL TRAMO            Longitud a sostener: ______ m
    Perímetro que se sostiene (¿entra el piso? SÍ / NO) ...  ______ m
    Pernos por fila = perímetro / espaciamiento .........  ______
    Número de filas = longitud / espaciamiento ..........  ______
    TOTAL PERNOS ..........  ______   de ____ pies
    MALLA: superficie ______ m2  + traslape ______  = ______ m2
    ACCESORIOS: platinas ____  tuercas ____  resina/cemento ____

3 · LA CONDICIÓN CAMBIÓ          (recaracterizar con lo que se ve hoy)
    Fracturas/m2 ____  Condición superficial ____  Agua ____
    NUEVA casilla GSI ____/____   NUEVA calidad ____
    Sostenimiento que ahora manda la cartilla ...  ______________

4 · REQUERIMIENTO CORREGIDO
    Qué se pide de más ..........  ____________________
    Qué del pedido inicial ya no
    sirve, y por qué ............  ____________________
    Qué se hace con lo instalado
    que falló ...................  Reforzar encima [ ]
                                   Retirar y cambiar de sistema [ ]
    En qué fila de la cartilla
    nos apoyamos ................  ____________________
    Cómo entra la gente a hacerlo
    con la roca chispeando ......  ____________________

5 · CON QUÉ SE RECIBE LA INSTALACIÓN  (marcar lo que verifica el técnico)
    [ ] Prueba de arranque del perno   [ ] Torque de la platina
    [ ] Longitud de empotramiento      [ ] Espesor del shotcrete
    [ ] Rebote                         [ ] Dosificación de la mezcla
    [ ] Traslape de la malla           [ ] Fragua

                                     Firma del equipo técnico: ______

PRESENTACIÓN de 4 láminas, que se sustenta en 8 minutos: la condición inicial con su casilla GSI, el requerimiento calculado, la condición después del derrumbe, y el requerimiento corregido con lo que se hace con lo instalado. Cada integrante responde por la parte que expuso. ROLES: el cálculo del tramo / la recaracterización del macizo / el requerimiento corregido / la recepción de la instalación.",,,"Cada equipo entrega el requerimiento resuelto sobre el formato, y lo sustenta con una presentación de 4 láminas en 8 minutos. Se evalúa con rúbrica de 5 criterios (20 pts)."
CASO-EOM-SOST-S1,EOM-SOST-S1,sesion,EOM-SOST,EOM-SOST-B1,IND-EOM-SOST-1,"«El vale de las tres labores». El almacenero los llama a las tres y media con el vale en la mano. «El camión sale a las cuatro y esto lo firmo yo.» El vale pide material para tres labores del nivel, y para las tres pide lo mismo: perno helicoidal de siete pies y malla. La primera es el tajeo de la veta Rosario, que se abre seis metros entre caja y caja porque ahí el cuerpo es ancho. La segunda es la rampa de acceso, de cuatro por cuatro. La tercera, un crucero de tres por tres. El almacenero saca el vale del mes pasado del mismo tajeo: ahí figuran carretes de acero de siete milímetros y lechada de cemento, firmado por el geomecánico anterior. «Este mes vino distinto y yo despacho lo que dice el papel.» En el pasillo del almacén siguen dos de esos carretes sin abrir. Mientras cuenta las cajas comenta que en marzo mandaron split set donde iba helicoidal, y hubo que retirar cuarenta pernos ya puestos, con la labor parada dos guardias.","Si el perno todavía alcanza, ¿para qué existe el cable?","Cartilla geomecánica GSI de la unidad y estándar de sostenimiento de la unidad, con el largo de perno por sección de labor. Son las herramientas que la sesión enseñó a usar; los datos del caso salen todos del relato.","En parejas, 18 minutos. Cada pareja corrige el vale antes de que salga el camión: (1) por cada una de las tres labores, qué elemento va y con qué especificación —largo, diámetro y cómo se ancla—; (2) al costado de cada elemento, una letra: R si es refuerzo, S si es soporte; (3) dos líneas: por qué el tajeo lleva otro largo de perno que las otras dos labores, y por qué el cable del vale anterior no hace falta acá. Eso es todo lo que se entrega. CIERRE DIRIGIDO POR EL INSTRUCTOR, no se entrega ni se califica: recogidos los vales, el instructor abre en plenario por qué el equipo que copió el vale del mes pasado pidió de más, y quién responde por lo que sale de almacén. Toma dos o tres respuestas y cierra él.",,,"El vale corregido con las tres labores, resuelto en parejas. Se revisa en clase; no lleva nota."
CASO-EOM-SOST-S2,EOM-SOST-S2,sesion,EOM-SOST,EOM-SOST-B1,IND-EOM-SOST-1,"«Cuatro tramos ya sostenidos». El supervisor los manda a caminar cuatro tramos del nivel 4 con el cuaderno de instalación. En el primero pusieron malla sobre pernos ya instalados y anotaron un traslape de una cocada. En el segundo lanzaron concreto proyectado y el parte dice espesor de dos pulgadas, sin fibra. El tercero va con cuadros de madera cada metro y medio, con su guardacabeza. El cuarto lleva arcos de acero, y en el parte alguien escribió el mismo espaciamiento del tercero: uno con cincuenta. «Ese último lo armó el turno de noche», dice el capataz, «y quedó igual de firme que los cuadros, así que no le den vueltas.» Al fondo de ese cuarto tramo el techo tiene una boca de un metro por donde ya cayó material una vez; la taparon con el mismo arco. La valorización del contratista entra el lunes y el supervisor quiere el cuaderno cerrado antes.","Si un tramo quedó firme, ¿basta con eso para recibirlo?","Cartilla geomecánica GSI de la unidad, la herramienta que la sesión enseñó a usar. Los datos del caso salen todos del relato.","En parejas, 18 minutos. Cada pareja cierra el cuaderno de instalación con una fila por tramo: el elemento instalado, la especificación y el espaciamiento que figuran en el parte, si corresponden a esa condición de labor, y qué falta. Debajo, una sola línea: cuál de los cuatro tramos no se recibe, y qué tiene que pasar para recibirlo. Eso es todo lo que se entrega. CIERRE DIRIGIDO POR EL INSTRUCTOR, no se entrega ni se califica: el instructor abre en plenario por qué «quedó igual de firme» no es un criterio de recepción, toma dos o tres respuestas y cierra él.",,,"El cuaderno de instalación con los cuatro tramos, resuelto en parejas. Se revisa en clase; no lleva nota."
CASO-EOM-SOST-S3,EOM-SOST-S3,sesion,EOM-SOST,EOM-SOST-B1,IND-EOM-SOST-2,"«Cuatro celdas en ciento veinte metros». La galería 340 lleva ciento veinte metros de avance y el asistente que salió de vacaciones dejó cuatro celdas mapeadas en su cuaderno. La primera, al inicio: nueve fracturas en el metro cuadrado, la caja cede al tercer golpe de picota, seca. La segunda, a los cuarenta metros: nueve fracturas, tercer golpe, seca. Entre las dos, a los treinta, el plano marca una falla con relleno de arcilla que cruza la galería de caja a caja. La tercera, a los ochenta: dieciséis fracturas y la roca cede al primer golpe. La cuarta, a los ciento diez: dieciséis fracturas, primer golpe, y desde ahí gotea permanente porque entraron a un tramo húmedo. El jefe de geomecánica pide el reparto antes de la reunión de las cinco. «El sostenimiento se pide por zona», les dice. «El año pasado pedimos para toda una galería como si fuera una sola. Los treinta últimos metros se cerraron.»","¿Dónde termina una zona y empieza la siguiente, si la roca da lo mismo a los dos lados?","Cartilla geomecánica GSI de la unidad, la herramienta que la sesión enseñó a usar. Los datos del caso salen todos del relato.","En parejas, 20 minutos. Cada pareja reparte la galería: (1) la casilla GSI de cada una de las cuatro celdas; (2) cuántas zonas hay en los ciento veinte metros, y el metraje donde empieza y termina cada una; (3) al lado de cada límite, qué lo produce. REPARTO DEL TIEMPO: 4 min leer el cuaderno · 12 min repartir las zonas · 4 min los motivos de cada límite. Eso es todo lo que se entrega. CIERRE DIRIGIDO POR EL INSTRUCTOR, no se entrega ni se califica: el instructor abre en plenario la pregunta de fondo —las celdas 1 y 2 dieron exactamente lo mismo, ¿por qué el límite va igual entre ellas?—, toma dos o tres respuestas y cierra él.",,,"El reparto de zonas de la galería 340, resuelto en parejas. Se revisa en clase; no lleva nota."
CASO-EOM-SOST-S4,EOM-SOST-S4,sesion,EOM-SOST,EOM-SOST-B1,IND-EOM-SOST-2,"«El informe está firmado». El informe anual de zonificación está sobre la mesa, firmado y sellado en enero, y para el tramo del subnivel 720 dice roca Clase III, regular. Es el papel con que se ha pedido el sostenimiento todo el año. El martes ustedes mapearon ese mismo tramo: dieciocho fracturas en el metro cuadrado y la caja que se rompe con uno o dos golpes de picota. El cuaderno donde lo anotaron no lo ha firmado nadie. El supervisor recuerda, sin darle importancia, que desde enero la labor avanzó cuarenta metros y que por ahí pasó el contacto con la caja piso. El pedido de material sale mañana a primera hora. «Si cambiamos lo que dice un informe firmado, alguien va a preguntar con qué autoridad. Y si no lo cambiamos y pasa algo, va a preguntar otra cosa.» En la 715, el año pasado, se sostuvo con un informe de ocho meses atrás. Esa labor ya no existe.","Cuando el papel firmado y la roca no coinciden, ¿con cuál se pide el material?","Cartilla geomecánica GSI de la unidad, la herramienta que la sesión enseñó a usar. Los datos del caso salen todos del relato.","En parejas, 18 minutos. Cada pareja deja el papel con que sale el pedido: (1) la casilla GSI del mapeo del martes, su calidad A-F y su banda de RMR; (2) qué calidad se deduce del informe de enero; (3) una línea con cuál de las dos se pide el material y por qué; (4) qué se hace mientras se regulariza la firma. Eso es todo lo que se entrega. CIERRE DIRIGIDO POR EL INSTRUCTOR, no se entrega ni se califica: el instructor abre en plenario qué hace que un cuaderno sin firmar pese más que un informe sellado, toma dos o tres respuestas y cierra él.",,,"El papel del pedido con las dos calidades contrastadas, resuelto en parejas. Se revisa en clase; no lleva nota."
CASO-EOM-SOST-S5,EOM-SOST-S5,sesion,EOM-SOST,EOM-SOST-B1,IND-EOM-SOST-2,"«La misma roca, cuatro labores». El nivel 12 tiene cuatro labores abiertas y el mapeo de la semana les dio a las cuatro lo mismo: doce fracturas por metro cuadrado, la caja cede al segundo golpe de picota, sin agua. La primera es un crucero de tres cincuenta por tres cincuenta que se cierra cuando termine el bloque. La segunda es la galería principal de cuatro por cuatro, por donde sale todo el mineral del nivel mientras la mina opere. La tercera es un tajeo de dos metros de ancho, con la veta parada. La cuarta es la cámara de bombeo, que se queda ahí con la bomba adentro y a la que entra mantenimiento cada semana. El capataz mira el cuadro y se impacienta: «es la misma roca en las cuatro, pongan lo mismo y terminamos». El jefe de geomecánica quiere el cuadro firmado hoy. Hace dos años, en un nivel parecido, la cámara de bombeo se sostuvo como un crucero cualquiera.","Si la roca es la misma en cuatro labores, ¿por qué el sostenimiento no lo es?","Cartilla geomecánica GSI de la unidad, la herramienta que la sesión enseñó a usar. Los datos del caso salen todos del relato.","En parejas, 20 minutos. Cada pareja llena el cuadro con una fila por labor: tipo de labor —avance o explotación—, ancho de minado, temporalidad, sostenimiento y espaciamiento. Y marca con un asterisco la labor que no sale de la tabla, escribiendo al margen qué le falta para resolverse. Eso es todo lo que se entrega. CIERRE DIRIGIDO POR EL INSTRUCTOR, no se entrega ni se califica: el instructor abre en plenario la pregunta de fondo —la misma roca dio cuatro respuestas distintas, ¿qué las separó?—, toma dos o tres respuestas y cierra él.",,,"El cuadro de las cuatro labores, resuelto en parejas. Se revisa en clase; no lleva nota."
CASO-EOM-SOST-S7,EOM-SOST-S7,sesion,EOM-SOST,EOM-SOST-B2,IND-EOM-SOST-3,"«La ficha de la que se parte». La galería 480 entra a sostenerse el lunes y hay que dejar la ficha con la que después se pide el material. Es de cuatro por cuatro, avanza tres metros por disparo y quedan ochenta metros hasta la chimenea. El mapeo del viernes dio catorce fracturas en el metro cuadrado, la caja se rompe con uno o dos golpes de picota, y hay goteo desde que pasaron los sesenta metros. El estándar de la unidad fija el espaciamiento y la longitud de perno según la sección. En el parte de la guardia anterior, sobre otro tramo de la misma galería, alguien anotó un espaciamiento mayor al del estándar, y al costado escribió: «no alcanzó el material». El planeador necesita la ficha hoy para armar el pedido. «Lo que ustedes escriban acá es de donde salen las cantidades», les dice. «Si sale mal acá, sale mal todo lo demás.»",¿Cuál es el dato de esta ficha del que dependen todas las cantidades del pedido?,"Cartilla geomecánica GSI de la unidad y estándar de sostenimiento de la unidad, con el espaciamiento y la longitud de perno por sección de labor. Son las herramientas que la sesión enseñó a usar; los datos del caso salen todos del relato.","En parejas, 15 minutos. Cada pareja deja la ficha de partida con seis casillas: casilla GSI; calidad y banda de RMR; tipo y sección de labor; sostenimiento que corresponde; espaciamiento; longitud de perno. Debajo, una sola línea: por qué no se usa el espaciamiento que anotó la guardia anterior. Eso es todo lo que se entrega. CIERRE DIRIGIDO POR EL INSTRUCTOR, no se entrega ni se califica: el instructor abre en plenario qué se arrastra hasta el pedido si el espaciamiento sale mal de esta ficha, toma dos o tres respuestas y cierra él.",,,"La ficha de partida de la galería 480, resuelta en parejas. Se revisa en clase; no lleva nota."
CASO-EOM-SOST-S8,EOM-SOST-S8,sesion,EOM-SOST,EOM-SOST-B2,IND-EOM-SOST-3,"«La rampa que se ensancha». La rampa 210 se abrió de tres por tres y por ahí entraba un scoop de cuatro yardas. El mes que viene llega uno de seis y volquetes de treinta toneladas, así que hay que ensancharla a cuatro cincuenta por cuatro cincuenta, y va a quedarse ahí los próximos años. El jefe de guardia trae el estándar de sostenimiento de la unidad y lo deja abierto sobre la mesa: la tabla de longitud por sección llega hasta cuatro por cuatro. «De cuatro cincuenta no hay», dice, «y el geomecánico está en la otra unidad hasta el jueves.» El perno se pide hoy. En el parte de mapeo figura que la roca de esa zona pesa dos coma seis toneladas por metro cúbico y que el macizo va por debajo de cuarenta y cinco de RMR, donde el proveedor solo garantiza trece toneladas de adherencia por cada metro de perno anclado; la barra helicoidal que usa la unidad rompe a dieciocho coma cinco toneladas y se vende en cinco, seis, siete y ocho pies, nada intermedio. La malla de perforación que maneja la empresa es de uno coma cinco. De paso, agrega ya saliendo, el año pasado en el subnivel de dos cuarenta instalaron perno de siete pies y la mitad quedó sobresaliendo tanto que hubo que cortarlos con el equipo adentro.","Si la sección de la labor no está en el estándar, ¿de dónde sale el perno —y cómo sabemos que aguanta?",Extracto de la Guía de criterios geomecánicos de Osinergmin: la regla de la altura de cuña y el ejemplo resuelto de peso muerto. Escala de medidas comerciales de perno. Son las herramientas que la sesión enseñó a usar; los datos del caso salen todos del relato.,"En parejas, 20 minutos. Cada pareja resuelve la rampa de cuatro cincuenta con la cuenta a la vista, una línea por paso: altura de la cuña; peso muerto por metro de labor; el perno que proponen; dónde cae cada perno de la fila y cuánto ancla pasada la cuña; lo que aporta cada uno; capacidad de la fila; factor de seguridad y si pasa. Debajo, una sola línea: si no pasara, qué cambiarían primero y por qué. REPARTO DEL TIEMPO: 3 min leer · 14 min la cuenta · 3 min la línea final. Eso es todo lo que se entrega. CIERRE DIRIGIDO POR EL INSTRUCTOR, no se entrega ni se califica: el instructor abre en plenario por qué el perno del centro es el que menos aporta, y muestra qué instaló de verdad una rampa de esa misma sección; toma dos o tres reacciones y cierra él.",,,"El factor de seguridad de la rampa de cuatro cincuenta, con toda la cuenta a la vista, resuelto en parejas. Se revisa en clase; no lleva nota."
CASO-EOM-SOST-S9,EOM-SOST-S9,sesion,EOM-SOST,EOM-SOST-B2,IND-EOM-SOST-3,"«Faltó malla a los sesenta metros». El pedido anterior de la galería 615 cuadraba. Los pernos salían exactos, los metros cuadrados de malla coincidían con el área del contorno, y aun así a los sesenta metros la cuadrilla se quedó sin malla y la labor paró tres guardias. El jefe de geomecánica tiene el papel delante y quiere el pedido del tramo siguiente hoy, antes de que cierre almacén. Son ciento veinte metros de galería de cuatro por cuatro, y el perno ya está resuelto: siete pies, espaciados a uno coma dos metros. «El contorno cuéntenlo bien», advierte, «que del pedido de la rampa nos devolvieron trescientos veinte pernos por contar el piso, como si la máquina fuera a andar sobre pernos.» En el pedido viejo, en la línea de accesorios, figuran tres cartuchos de cemento por perno. «Lo llenó el practicante con la tabla del perno corto», comenta sin detenerse. Y agrega: «la malla no se pone hoja pegada a hoja. Pregúntenle al maestro cómo la amarra, que él sí sabe por qué siempre le sobra un pedazo».",¿Cómo puede un pedido cuadrar en el papel y faltar en la labor?,"Cartilla geomecánica GSI de la unidad y estándar de sostenimiento de la unidad, con el espaciamiento y la longitud de perno por sección de labor. Son las herramientas que la sesión enseñó a usar; los datos del caso salen todos del relato.","En parejas, 20 minutos. Cada pareja arma el pedido del tramo: (1) el perímetro que lleva sostenimiento, diciendo si el piso entra, y los pernos de una fila; (2) el número de filas y el total de pernos, con su longitud; (3) los metros cuadrados de malla, con el área del contorno arriba y el traslape debajo, sumados; (4) los accesorios, con la cuenta por perno a la vista. Y una sola línea: dónde estaba el error del pedido viejo. REPARTO DEL TIEMPO: 3 min leer · 14 min calcular · 3 min la línea final. Eso es todo lo que se entrega. CIERRE DIRIGIDO POR EL INSTRUCTOR, no se entrega ni se califica: el instructor abre en plenario cómo un pedido puede cuadrar en el papel y faltar en la labor, toma dos o tres respuestas y cierra él.",,,"El pedido del tramo de la galería 615, resuelto en parejas. Se revisa en clase; no lleva nota."
CASO-EOM-SOST-S10,EOM-SOST-S10,sesion,EOM-SOST,EOM-SOST-B2,IND-EOM-SOST-3,"«El certificado del proveedor». El contratista llega con la carpeta a las diez y la valorización se firma hoy. El tramo son ciento veinte pernos instalados y sesenta metros lanzados de concreto proyectado. En la carpeta hay un certificado del proveedor: resistencia a los veintiocho días, doscientos cuarenta kilos por centímetro cuadrado, con sello y firma. «Con esto está conforme», dice el supervisor del contratista. «El material es el que pidieron.» De los pernos trae la guía de remisión y las platinas de repuesto. No trae nada más. Ustedes caminan el tramo: en dos pernos la platina no llega a apoyar contra la roca y baila con la mano; en un tercio del avance el concreto se ve más delgado y hay bastante material caído al piso, todavía fresco. Mañana a primera hora entra la cuadrilla de perforación a trabajar debajo de eso. El jefe de guardia quiere el acta antes de las doce.",¿Qué puede verificar el técnico en obra que ningún certificado le va a responder?,"Formato de acta de recepción de sostenimiento. Extracto del DS 024-2016-EM, art. 214 b). Tabla de qué se verifica, con qué prueba o instrumento, y quién responde. Son las herramientas que la sesión enseñó a usar; los datos del caso salen todos del relato.","En parejas, 18 minutos. Cada pareja llena el acta de recepción con una fila por verificación: qué se verifica; con qué prueba o instrumento; si lo verifica el técnico en obra o lo responde el proveedor; y si queda conforme, no conforme o sin verificar. Debajo, una sola línea: se firma o no se firma el acta, y qué falta para firmarla. Eso es todo lo que se entrega. CIERRE DIRIGIDO POR EL INSTRUCTOR, no se entrega ni se califica: el instructor abre en plenario la pregunta de fondo —el certificado del proveedor es cierto y está bien emitido, ¿por qué no alcanza?—, toma dos o tres respuestas y cierra él.",,,"El acta de recepción del tramo, resuelta en parejas. Se revisa en clase; no lleva nota."
CASO-EOM-SOST-S11,EOM-SOST-S11,sesion,EOM-SOST,EOM-SOST-B2,IND-EOM-SOST-3,"«La malla está entera». La galería de transporte del nivel 9 se sostuvo hace cinco meses y por ahí pasa la locomotora cuatro veces por guardia. El lunes el motorista reportó que le caían piedras chicas sobre la vía. Cuando entran a ver, la malla está entera y bien tensada, sin un solo paño roto. Pero al empujar dos pernos con la mano giran, y en un tramo de diez metros el techo se ha realzado casi un metro respecto de la línea de topografía. Donde antes había una mancha húmeda ahora corre agua sobre la caja. La roca chispea cuando le dan con la picota. Del mapeo original queda la ficha: nueve fracturas por metro cuadrado, caja que cedía al tercer golpe, seca. El jefe de guardia necesita saber qué pide hoy y qué hace con lo que ya está puesto. «El año pasado, en la 880, se reforzó encima de lo que había para no parar el tránsito.»","Si la malla está entera, ¿qué hay que mirar para saber que el sostenimiento falló?","Cartilla geomecánica GSI de la unidad y estándar de sostenimiento de la unidad, con el espaciamiento y la longitud de perno por sección de labor. Son las herramientas que la sesión enseñó a usar; los datos del caso salen todos del relato.","En parejas, 20 minutos. Cada pareja corrige lo que hay: (1) la casilla GSI y la calidad de hoy, escritas al costado de las del mapeo original; (2) el sostenimiento que ahora manda; (3) tres líneas —qué se pide de más, qué del pedido inicial ya no sirve, y qué se hace con los pernos y la malla que están puestos—; (4) cómo entra la gente a hacerlo. Eso es todo lo que se entrega. CIERRE DIRIGIDO POR EL INSTRUCTOR, no se entrega ni se califica: el instructor abre en plenario la pregunta de fondo —la malla está entera y bien tensada, ¿por qué eso no dice nada?—, toma dos o tres respuestas y cierra él.",,,"La corrección del sostenimiento de la galería del nivel 9, resuelta en parejas. Se revisa en clase; no lleva nota."
CASO-EOM-EQPERF-1,,colaborativo,EOM-EQPERF,EOM-EQPERF-B1,IND-EOM-EQPERF-1;IND-EOM-EQPERF-2;IND-EOM-EQPERF-3;IND-EOM-EQPERF-4,"«El frente y el tajeo que no llegan a los metros»

PARTE A · EL FRENTE QUE NO AVANZA LO QUE DICE EL ESTÁNDAR

Son las seis y veinte de la mañana y la camioneta los deja en la bocamina de una unidad polimetálica de Huancavelica. El ingeniero Quispe, jefe de guardia, camina adelante con la libreta bajo el brazo y no habla hasta llegar al frente. La galería es de cuatro metros por cuatro. En la caja derecha, a la altura del pecho, hay un cuadro pintado con esmalte blanco que alguna vez tuvo los números de la malla; ahora se lee la mitad. «Eso lo pintaron en enero», dice. «Nadie lo ha vuelto a pintar y cada guardia perfora como se acuerda.»

Abre la libreta. «El estándar que tenemos es de treinta y nueve taladros. Siete de alivio y cuatro de arranque van al centro. Después salen las ayudas de a dos, cuatro coronas de ayuda, y al final el contorno: cuatro en la corona, tres en cada hastial y cuatro en el arrastre. Todos a dos con treinta y cuatro.» Se detiene. «Dos con treinta y cuatro, y perforamos con jumbo. En el reporte que le mandan a la gerencia dice barras de diez pies.»

Señala el techo con la lámpara. «Mire cómo quedó la corona. Los taladros del contorno no se cargan igual que los del centro: al arranque le dejamos veinte centímetros de taco, a las ayudas diez, pero a la corona medio metro y a los hastiales sesenta. Menos explosivo pegado a la caja y el disparo sale parejo. Cuando la guardia se apura y carga el contorno como si fuera arranque, la corona queda dentada y después hay que estar desatando media hora.»

Saca del bolsillo una hoja doblada en cuatro, del área de planeamiento. «Ahora nos mandan esto. Cuarenta y ocho taladros en vez de treinta y nueve, y a tres con veinte de largo en vez de dos con treinta y cuatro. El taco promedio les baja de cincuenta y cuatro a treinta y cuatro centímetros. Dicen que así el frente avanza ochenta y seis centímetros más por disparo.» Le da vuelta a la hoja. Al reverso, con lapicero, alguien anotó: barras 10 pies.

«Y del explosivo también hablan», sigue. «Que el kilaje por metro de taladro les baja de cincuenta y seis punto cuatro a cuarenta y cuatro punto cinco. Que el factor de potencia baja de uno quince a uno doce por tonelada. Y que los accesorios de voladura por frente disparado caen veintiuno con seis por ciento. Todo eso en la hoja se ve bonito.» Cierra la libreta. «Lo que la hoja no dice es qué pasa del otro lado. Alguien tiene que decírmelo antes del jueves, porque el jueves firmo el requerimiento de aceros del mes.»

Camina hacia la boca de la galería, donde está estacionado el jumbo. «Otra cosa. Esta máquina no se para en el frente de cualquier manera. Van dos personas siempre, y se ponen cuatro guías de madera para que los taladros salgan paralelos; si no, el que perfora abre el abanico sin darse cuenta y la sección se va abriendo. El agua tiene que estar entre cinco y quince bares. En el frente de la rampa dos han estado perforando con la válvula medio cerrada porque dicen que salpica.» Se encoge de hombros. «Las brocas de esa guardia duran la mitad.»

Antes de irse se acuerda de algo. «El mes pasado el ayudante se quedó en almacén armando un vale y el operador movió el jumbo solo. En la curva del nivel enganchó la manguera de cuatro pulgadas y la reventó. A esa hora normalmente hay gente caminando por ahí; ese día no había.» Los mira. «Ustedes armen el cuadro que va pintado en la caja, y el vale de aceros. Y díganme si la malla nueva me sale más cara o más barata, con números, no con opiniones.»

PARTE B · EL TAJEO QUE NO LLEGA A LOS METROS

Dos semanas después los mandan a la zona alta, a un cuerpo de plata, plomo y zinc de la sierra de Lima que se explota por subniveles. Aquí no hay frente: hay un tajeo, y la perforación se hace desde el subnivel hacia arriba y hacia abajo, en abanico. El ingeniero Ramos, que lleva taladros largos, los recibe en la cabina de un Simba H1254 apagado. «Este equipo tiene que sacar los metros del mes y no los está sacando», dice. «Y no es la máquina: la máquina es la misma de siempre.»

Pone sobre la consola dos hojas de control de la misma máquina, del mismo tajo, con dos guardias distintas. En una, noventa y dos metros perforados en trescientos treinta y cinco minutos. En la otra, ciento noventa y cinco metros en trescientos cinco minutos. «Dieciséis metros por hora contra treinta y ocho. Mismo equipo, mismo tajo, misma roca.» Deja que lo miren un rato. «El de la guardia de dieciséis me dijo que la roca estaba dura. La roca no cambió en doce horas.»

Se agacha y saca de la caja de aceros una broca de botones de sesenta y cuatro milímetros con los botones aplastados y el faldón quemado. «Y esto vuelve así cada semana.» Al costado hay barras de extensión con los hilos secos, sin rastro de grasa. «El manual dice que en el emboquillado la presión de avance va de veinte a treinta bares, y recién después, en plena perforación, de ochenta a cien. Si arrancas de una con ochenta, la broca golpea sin apoyo y se te va el taladro. Y si aflojas la presión en plena perforación, la broca trabaja en vacío y vuelve como esta.»

Señala hacia el subnivel con la lámpara. «El otro problema es la desviación. Acá el límite es cinco por ciento, y con taladros de esta longitud se pasa fácil. Cuando se pasa, el taladro se mete en la caja techo o en la caja piso, y entonces o diluyes mineral con desmonte o dejas mineral sin romper. Tenemos el inclinómetro para medirlo y no siempre se usa.» Abre una carpeta con el procedimiento del sistema casing: se perfora primero un taladro guía de tres pulgadas, se mete un tubo de hierro que sobresale unos veinte centímetros, y recién ahí se sigue con la broca de dos y media. «Esto lo probamos el año pasado. El shank duró once por ciento más, la barra cincuenta y dos, la broca otro cincuenta y dos. Después dejamos de hacerlo porque toma tiempo.»

Cierra la carpeta. «Ustedes ya me armaron el estándar del frente allá abajo. Ahora quiero lo mismo para este tajeo: qué malla se perfora, con qué aceros, cómo se posiciona y se emboquilla la máquina, y por qué una guardia saca el doble que la otra. Y el metro perforado acá, ¿cuánto me cuesta comparado con el frente? Porque yo firmo los dos requerimientos.»",¿Qué le responden al ingeniero Quispe antes del jueves?,"Hoja del estándar vigente del frente: 39 taladros con su distribución por grupo, longitud de 2,34 m y taco por posición · Propuesta del área de planeamiento: 48 taladros, 3,20 m de longitud, taco promedio de 0,34 m, y los factores de explosivo (carga lineal de 56,4 a 44,5 kg/m, factor de potencia de 1,15 a 1,12 kg/ton, accesorios de voladura por frente -21,58 %) · Lista de almacén de aceros de perforación CON DISTRACTORES: barras de 8, 10 y 12 pies, culatines, brocas de botones y de alivio de varios diámetros, y accesorios que no son de perforación · Estándar de operación del jumbo: dos trabajadores, cuatro guías de madera, presión de agua entre 5 y 15 bar, condiciones del traslado · Plantillas de la cartilla de parámetros y del vale de aceros · FUENTE (no se entrega al estudiante; se revela al cerrar la sustentación): Gálvez Mancha, L. A. (2024). Mejoras en perforación y voladura aplicando Smooth Blasting en la Unidad Minera Huachocolpa de Compañía Minera Kolpa S.A. Tesis, UNCP, Huancayo. repositorio.uncp.edu.pe — La tesis declara barras de 10 pies (3,05 m) y taladros de 2,34 m y 3,20 m: la inconsistencia es de la fuente y se deja viva en el relato a propósito. · PARTE B: dos hojas de control de la misma máquina y el mismo tajo, con los metros perforados y los minutos de cada guardia · Broca de botones de 64 mm devuelta con los botones aplastados y el faldón quemado, y barras de extensión con los hilos secos · Manual del equipo: presión de avance de 20 a 30 bar en el emboquillado y de 80 a 100 bar en plena perforación · Procedimiento del sistema casing y el registro de vida de acero que dejó · Lista de aceros y accesorios de taladros largos CON DISTRACTORES · Plantilla de la cartilla del tajeo · FUENTE DE LA PARTE B (no se entrega al estudiante; se revela al cerrar): Roman Carbajal, M. A. (2024). Optimización de la perforación de taladros largos con Simba S1254 en tajo TJ265, unidad minera Alpayana - Huarochirí - Lima. Tesis, UNSAAC, Cusco. repositorio.unsaac.edu.pe — De ahí salen los dos rendimientos reales (92 m en 335 min y 195 m en 305 min), la broca de 64 mm, las presiones de emboquillado de 20-30 bar y de 80-100 bar en plena perforación, el límite de desviación del 5 %, el sistema casing (taladro guía de 3"", tubo que sobresale 20 cm, broca de 2 1/2"") y la vida de acero que ganó: shank 11 %, barra 52 %, broca 52 %.","Cuatro entregables: la CARTILLA DE PARÁMETROS DEL FRENTE y el VALE DE REQUERIMIENTO DE ACEROS de la parte A, la CARTILLA DEL TAJEO DE TALADROS LARGOS de la parte B, y la PRESENTACIÓN. Todo se llena sobre los formatos que vienen abajo, leyendo el relato y MARCANDO sobre las listas de almacén, que traen más ítems de los necesarios.

FORMATO          CARTILLA DE PARÁMETROS DEL FRENTE          parte A · va pintada en la caja

LABOR: Galería ________     Sección: ______ x ______ m     Equipo: ____________

1 · DISTRIBUCIÓN DE TALADROS (malla vigente)
                                  N.° taladros   Longitud (m)   Taco (m)
    Alivios ....................  ______         ______         ______
    Arranque ...................  ______         ______         ______
    Ayudas (1.ª a 4.ª) .........  ______         ______         ______
    Ayudas de hastiales, corona
      y arrastre ...............  ______         ______         ______
    Hastiales · Corona ·
      Arrastres ................  ______         ______         ______
    TOTAL ......................  ______

2 · POR QUÉ EL TACO NO ES IGUAL EN TODOS
    Los del taco más largo son ______________ y llevan más taco porque _______
    Si se cargan como los del centro, en la caja pasa _______________________

3 · RENDIMIENTO DE LA PERFORACIÓN     (las dos mallas, para comparar)
                                          Malla vigente     Propuesta
    Taladros por frente ................  ______            ______
    Longitud de taladro (m) ............  ______            ______
    Metros perforados por disparo ......  ______            ______
    Avance por disparo (m) .............  ______            ______
    METROS PERFORADOS POR METRO
      DE AVANCE ........................  ______            ______
    Carga lineal del explosivo (kg/m) ..  ______            ______

4 · LA RESPUESTA AL JEFE DE GUARDIA
    Con la malla nueva, la perforación por metro de avance   sube [ ]  baja [ ]
    y el consumo de explosivo y accesorios                   sube [ ]  baja [ ]
    Conviene / no conviene porque __________________________________________


FORMATO          VALE DE REQUERIMIENTO DE ACEROS          parte A · marcar lo que va

    [ ] Barra de 8 pies              [ ] Barra de 10 pies
    [ ] Barra de 12 pies             [ ] Barreno integral de 4 pies
    [ ] Culatín para jumbo           [ ] Culatín para perforadora manual
    [ ] Broca de botones 45 mm       [ ] Broca de botones 51 mm
    [ ] Broca de botones 64 mm       [ ] Broca escariadora de alivio 102 mm
    [ ] Broca tricónica 7 7/8""       [ ] Martillo de fondo (DTH)
    [ ] Guías de madera              [ ] Manguera de aire de 4""

    LA BARRA QUE NO CUADRA
    Longitud de taladro que se está perforando ......  ______ m
    Barra que declara el reporte ....................  ______ pies = ______ m
    ¿Se puede perforar ese taladro con esa barra?      Sí [ ]   No [ ]
    Entonces la barra real es de ____ pies, y lo sabemos porque _____________


FORMATO          CARTILLA DEL TAJEO DE TALADROS LARGOS          parte B

TAJO: ________     Método: ________________     Equipo: ________________

1 · LA MALLA DEL TAJEO
    Se perfora desde ......  el frente [ ]   el subnivel [ ]
    Dirección .............  taladros positivos [ ]  negativos [ ]  ambos [ ]
    Disposición ...........  paralela [ ]   en abanico [ ]
    Diámetro de broca .....  ______ mm        Con sistema casing: ______ ""
    ¿Qué cambia respecto de la malla de un frente de avance? _________________

2 · ACEROS Y ACCESORIOS     (marcar solo los del equipo de taladros largos)
    [ ] Barra de extensión           [ ] Barreno integral
    [ ] Shank / adaptador de culata  [ ] Broca de botones 64 mm
    [ ] Broca retráctil              [ ] Broca escariadora 102 mm
    [ ] Tubo guía (casing)           [ ] Guías de madera
    [ ] Inclinómetro                 [ ] Martillo de fondo (DTH)
    El acero que devolvieron quemado es ______________ y volvió así porque ___

3 · LA MANIOBRA QUE EXPLICA LA DIFERENCIA
    Presión de avance en el emboquillado ......  ______ a ______ bar
    Presión en plena perforación ..............  ______ a ______ bar
    Guardia A: ______ m en ______ min = ______ m/h
    Guardia B: ______ m en ______ min = ______ m/h
    La diferencia se explica por __________________________________________
    (y NO por ____________________________________________________________)

4 · LA DESVIACIÓN
    Límite admitido .......  ______ %          Se mide con ____________
    Si se pasa, el taladro se mete en ______________ y eso produce _________
    Con el sistema casing la vida del acero cambió así:
      shank ______ %      barra ______ %      broca ______ %


FORMATO          EL COSTO DEL METRO, EN LAS DOS PARTES

    Parte A · metros perforados por metro de avance:  vigente ____  nueva ____
    Parte B · metros por hora:  guardia A ____   guardia B ____
    ¿Dónde sale más caro el metro y por qué? _______________________________
    Lo que proponemos que se corrija primero, y qué se gana: _______________

                                     Firma del equipo: ________________


PRESENTACIÓN de 8 láminas, que se sustenta en 10 minutos: el frente y su malla, los aceros del vale, el tajeo y su malla de taladros largos, los aceros del Simba, la maniobra que explica las dos guardias, la desviación, el costo del metro en las dos partes y la conclusión. Cada integrante responde por la parte que expuso.

Roles: 1) la malla del frente y la del tajeo; 2) los aceros de las dos máquinas y lo que devolvieron dañado; 3) las maniobras: posicionamiento, guías, agua, emboquillado y desviación; 4) el costo del metro en las dos partes y el armado de la exposición. La nota es del equipo, pero en la sustentación cada uno responde por su parte.

TIEMPO (2 horas): leer las dos partes 15 · parte A, malla y aceros 20 · parte B, malla, aceros y maniobra 20 · cerrar el costo de las dos 15 · llenar los formatos 15 · armar láminas 25 · ensayar con roles 10.",,,"Cada equipo entrega la cartilla de parámetros del frente y el vale de aceros, y los sustenta con una presentación de 6 láminas en 8 minutos. Se evalúa con rúbrica de 5 criterios (20 pts)."
CASO-EOM-EQPERF-2,,colaborativo,EOM-EQPERF,EOM-EQPERF-B2,IND-EOM-EQPERF-1;IND-EOM-EQPERF-2;IND-EOM-EQPERF-3;IND-EOM-EQPERF-4,"«El manómetro dice una cosa y la broca dice otra». El turno empieza a las siete en un tajo aurífero del norte de Cajamarca. En la garita de perforación el supervisor Rojas tiene sobre la mesa la orden de trabajo del proyecto 4B y una broca tricónica de siete y siete octavos que le devolvieron anoche, parada sobre un cartón. «Antes de que suban al banco, miren esto», dice, y le da vuelta a la broca con las dos manos. Dos de los tres conos tienen la nariz comida y los insertos del calibre redondeados. En el tercero faltan dientes.

«La 27 es la máquina que estuvo ahí. Es una DM-45E, rotativa, sobre orugas. Perfora vertical a siete y siete octavos y ocho metros efectivos.» Empuja hacia ellos una hoja plastificada, gastada de tanto manosearla, que tiene las seis mallas que usa la mina. Cuatro cincuenta por cinco veinte para las crestas de alta fractura. Cuatro ochenta por cinco cincuenta para crestas fracturadas. Cinco veinte por seis para zona dura de fractura media. Cinco cincuenta por seis treinta para dureza media. Cinco ochenta por seis setenta para dureza suave. Seis diez por siete para el desmonte argílico. «Planeamiento replantea la malla en campo, pero la que va escrita en la orden la eligen ellos desde la oficina.»

Levanta la orden del 4B. «Aquí dice cinco ochenta por seis setenta.» La deja. «Y este es el log de la máquina de anoche.» El papel continuo muestra la velocidad de penetración de la guardia: números que no pasan de veintitantos metros por hora casi toda la noche, con dos horas en que ni eso. «El operador puso noventa revoluciones y le metió cincuenta y cuatro mil libras de empuje, que es lo que uno pone cuando el terreno está medio.»

Se acerca a la pizarra donde están escritos los parámetros que la mina tiene medidos. Para roca suave, cien revoluciones y cuarenta y ocho mil libras. Para roca media, noventa y cincuenta y cuatro mil. Para roca dura, setenta revoluciones y setenta y cuatro mil libras. «Eso está medido acá, no lo saqué de un libro.»

«Y hay otra cosa que casi nadie mira.» Saca una hoja de la carpeta de mantenimiento. Es la prueba del manómetro de la 27: cuando la aguja de cabina marca setenta y cinco mil, lo que está entrando de verdad a la broca son setenta y dos mil seiscientos cincuenta. Debajo, en la misma carpeta, la prueba del compresor: sesenta libras de presión en cabina, cuarenta y dos en la broca. Al costado, escrito por el mecánico: recomendado 55. Y una lista de las boquillas que hay en almacén: media, cinco octavos, tres cuartos.

«Del costo hablemos claro», dice, y saca el reporte del mes. «Tenemos que perforar veinte mil ochocientos treinta y tres metros. El año pasado, con los parámetros que veníamos usando, esos metros nos costaron ciento veintitrés mil ciento veintitrés dólares con tres. El estudio que hizo la gente de operaciones dice que con los parámetros corregidos los mismos metros cuestan ciento cinco mil cuatrocientos catorce con noventa y ocho.» Golpea la hoja con el dedo. «La gerencia leyó eso y ahora lo pide. Y no me va a comprar una máquina nueva.»

Va hacia la puerta y se detiene. «En el disparo del banco de arriba quedaron cuatro bolones que no entraban a la chancadora. Hubo que hacer voladura secundaria con la cuadrilla trabajando al pie del banco y la pala parada tres horas. Nadie preguntó de quién había sido la malla.» Se pone el casco. «Ustedes me llenan la hoja de parámetros del 4B, me devuelven el informe de esa broca, y me dicen cuánto cuesta el metro con lo que estábamos haciendo y cuánto con lo que hay que hacer.»","¿Con qué parámetros sube la 27 al banco 4B, y qué le cuesta a la mina el metro perforado en cada caso?","Hoja plastificada con las seis mallas de perforación de la mina y el terreno al que corresponde cada una · Orden de trabajo del proyecto 4B · Log de velocidad de penetración de la guardia anterior · Tabla de parámetros medidos por dureza: roca suave 100 rpm y 48 000 lb, roca media 90 rpm y 54 000 lb, roca dura 70 rpm y 74 000 lb · Prueba del manómetro de pulldown de la perforadora 27 (75 000 lb en cabina = 72 650 lb reales) · Prueba de presión del compresor (60 psi en cabina, 42 psi en broca; recomendado 55) y lista de boquillas de almacén: 1/2, 5/8 y 3/4 de pulgada · Reporte mensual: 20 833 m programados, USD 123 123,03 con los parámetros anteriores y USD 105 414,98 con los corregidos · Plantillas de la hoja de parámetros y del informe de devolución de broca · FUENTE (no se entrega al estudiante; se revela al cerrar la sustentación): Alaya Cruzado, L. P. (2018). Influencia de la velocidad de penetración en el proceso de perforación primaria en Minera Yanacocha, Cajamarca, 2018. Tesis, Universidad Alas Peruanas. repositorio.uap.edu.pe — Todos los datos del relato están medidos en esa unidad: mallas por dureza, rpm y pulldown óptimos, prueba del manómetro y costo mensual.","Tres entregables: la HOJA DE PARÁMETROS DE PERFORACIÓN DE LA GUARDIA, el INFORME DE DEVOLUCIÓN DE BROCA y la PRESENTACIÓN. Los dos primeros se llenan sobre los formatos que vienen abajo. La malla no se escribe: se resuelve MARCANDO entre las seis que usa la mina.

FORMATO          HOJA DE PARÁMETROS DE PERFORACIÓN DE LA GUARDIA

PROYECTO: ______     Máquina: ______     Operador: __________     Fecha: ______

1 · EL TERRENO, SEGÚN LA EVIDENCIA
    Lo que dice la orden de trabajo ....  malla ______ x ______
    Velocidad de penetración del log ...  ______ m/h
    Estado de la broca devuelta ........  [ ] narices de cono comidas
                                          [ ] insertos del calibre redondeados
                                          [ ] dientes rotos
                                          [ ] sin desgaste apreciable
    El terreno del banco es ............  Suave [ ]   Medio [ ]   Duro [ ]
    Las dos señales en que nos apoyamos: ____________________________________

2 · MALLA QUE CORRESPONDE     (marcar una sola)
    [ ] 4,50 x 5,20   crestas de alta fractura y congelado
    [ ] 4,80 x 5,50   crestas fracturadas
    [ ] 5,20 x 6,00   zona dura, fractura media
    [ ] 5,50 x 6,30   dureza media
    [ ] 5,80 x 6,70   dureza suave
    [ ] 6,10 x 7,00   desmonte argílico
    ¿Es la misma que trae la orden?   Sí [ ]   No [ ] — y la cambiamos porque
    ________________________________________________________________________

3 · PARÁMETROS QUE SE APLICAN
    Diámetro de taladro ....  ______ ""      Profundidad efectiva ....  ______ m
    Revoluciones ...........  ______ rpm
    Pulldown que debe entrar
      a la broca ...........  ______ lb
    Pulldown que hay que
      marcar en cabina .....  ______ lb   porque el manómetro ________________
    Boquilla ...............  1/2"" [ ]   5/8"" [ ]   3/4"" [ ]
    Presión en broca: hoy ___ psi   ·   recomendada ___ psi   ·   con la
    boquilla marcada se espera ___ psi en cabina

4 · EL COSTO DEL METRO
    Metros programados del mes ......................  ____________
    Costo del mes con los parámetros anteriores .....  US$ ____________
      ÷ metros = ____________ US$/m
    Costo del mes con los parámetros corregidos .....  US$ ____________
      ÷ metros = ____________ US$/m
    Diferencia por metro ............................  ____________ US$/m
    Ahorro del mes ..................................  US$ ____________
    El costo baja sin comprar máquina porque ________________________________
    ________________________________________________________________________

                                     Firma del equipo: ________________


FORMATO          INFORME DE DEVOLUCIÓN DE BROCA

    Broca: tipo ______________   Diámetro ______ ""   Metros que sacó ______

    Desgaste observado (marcar todo lo que aplique)
    [ ] Pérdida de narices del cono      [ ] Insertos del calibre redondeados
    [ ] Dientes rotos (BT)               [ ] Cono roto (BC)
    [ ] Rodamiento con juego             [ ] Desgaste parejo, vida cumplida

    El desgaste marcado se produce cuando ___________________________________
    Los parámetros que traía la guardia eran ____ rpm y ____ lb, y para ese
    terreno correspondían ____ rpm y ____ lb.
    Lo que se corrige en la próxima guardia: ________________________________

                                     Firma del que recibe: ______________


PRESENTACIÓN de 6 láminas, que se sustenta en 8 minutos: el banco y su malla, los parámetros por dureza, la broca y su desgaste, el aire y la boquilla, el cálculo del costo por metro y la conclusión. Cada integrante responde por la parte que expuso.

Roles: 1) la malla y los parámetros de diseño del banco; 2) el equipo, la broca y su desgaste; 3) el aire, las boquillas y el ajuste en cabina; 4) el cálculo del costo por metro y el armado de la exposición. La nota es del equipo, pero en la sustentación cada uno responde por su parte.",,,"Cada equipo entrega la hoja de parámetros de la guardia y el informe de devolución de broca, y los sustenta con una presentación de 6 láminas en 8 minutos. Se evalúa con rúbrica de 5 criterios (20 pts)."
CASO-EOM-FMEQ-1,,colaborativo,EOM-FMEQ,EOM-FMEQ-B1,IND-EOM-FMEQ-1;IND-EOM-FMEQ-2;IND-EOM-FMEQ-3;IND-EOM-FMEQ-4,"«La linterna y la fuga». Su equipo trabaja como asistentes técnicos de la guardia en una mina subterránea. Son las siete de la mañana y el jefe de guardia les pasa por radio la flota que tienen asignada en el nivel: el jumbo del frontón, el scooptram que limpia, el empernador que sostiene detrás de la limpieza, el minetruck que saca el material a superficie y el camión de lubricación, que sube a media guardia. «Antes de que arranque nadie, quiero el pre-uso de los cinco», les dice. El empernador y el camión de lubricación pasan sin observación. El minetruck también: no bota aceite, frena, las luces prenden y los neumáticos están bien. En su cartilla dice que le toca el PM-250 y el horómetro marca trescientas dieciocho horas. El operador del scooptram los llama primero. «Está botando aceite. La mancha la vengo viendo hace dos días, pero hoy amaneció grande.» Debajo del equipo hay una mancha fresca de casi un metro. El balde está arriba, cargado a medias con material que quedó de la guardia anterior. El operador ya tiene la linterna en la mano y está por meterse debajo del brazo a ver de dónde sale. Cuando le preguntan por el tanque, el almacenero les confirma que esta semana ya le entregó aceite hidráulico dos veces para completarlo. El jumbo tiene otra cosa. El perforista de la guardia anterior anotó en el cuaderno que el brazo baja lento cuando lo posiciona y que la presión le oscila al empezar el taladro. Al recorrerlo con el formato encuentran una manguera con el forro pelado, en el tramo que corre por el lado del brazo, a la altura donde se para el ayudante. En la carpeta del equipo está el formato de pre-uso que dejó la guardia saliente: firmado, con todas las líneas marcadas conformes, incluida la de mangueras. En el taller les muestran los dos registros de ese jumbo. En la cartilla del preventivo, las últimas dos fechas están en blanco. En el cuaderno de trabajos del mes, sus paradas son casi siempre las mismas: cambio de mangueras, cambio de mangueras, cambio de sellos del cabezal, sistema de lubricación. El jefe de guardia los apura por radio. El mecánico está en el nivel de abajo y no sube hasta el mediodía; el material del disparo de anoche sigue en el frente y el empernador está esperando su turno para entrar. «Y les adelanto una cosa: el frontón está en el programa de la semana y yo necesito ese jumbo perforando. Si me lo van a parar, quiero por escrito por qué, y qué alternativa hay.» Antes de cortar, agrega: «Ojo con lo que hacen. Hace unos años, en una mina de Áncash, un técnico se quedó mirando un cilindro recién reparado, adentro del equipo. La cuchara le bajó encima y lo aprisionó contra la llanta. Y en Cajamarca otro estaba revisando las líneas hidráulicas de un cargador chico y rozó el joystick sin querer: el lampón se le fue arriba de golpe. A las once quiero los cinco pre-usos, lo que digan los registros, y me dicen con qué equipos cuento.»","El equipo está apagado y el balde está arriba. ¿Qué lo sostiene? Y si eso falla, ¿qué se mueve?","• Formato de inspección de pre-uso con distractores, uno por equipo — nivel del tanque hidráulico, mangueras de alta, cilindro de levante, cilindros del brazo, sellos del cabezal, sistema de lubricación, freno de parqueo, freno de servicio, articulación central, luces, alarma de retroceso, extintor, neumáticos, tablero • Formato de pre-uso de la guardia saliente, firmado • Cartillas de mantenimiento preventivo del jumbo y del minetruck, con su horómetro • Cuaderno de trabajos del mes • Plantilla del reporte de turno, con una fila resuelta • Manual de mantenimiento del Scooptram Epiroc ST1030 (Recursos/Sesión10/) • Esquemas de mantenimiento del jumbo Boomer S1D (Recursos/Sesión10/) • Check-list del Simba (Recursos/Sesión09/) como modelo del formato real • DS 024-2016-EM, artículos 38, 39, 346 y 374  ·  FUENTE REAL, se revela al cerrar la sustentación: MSHA (2009), Final Report - Fatality #11, June 11, 2009, Viburnum #29 Mine, The Doe Run Company, Missouri, cargador Wagner ST8B. Las dos anécdotas que cuenta el jefe de guardia dentro del relato son otros dos casos reales: OSINERGMIN, Huanzala, Áncash (2013), Scoop CAT-03, y Hualgayoc, Cajamarca (2013), cargador Bobcat, publicados en Revista Seguridad Minera.","Tres documentos, resueltos realizando el pre-uso de la flota, revisando los registros del taller y llenando el reporte de turno. (1) Inspección de pre-uso de los cinco equipos, sobre el formato del equipo —con más ítems de los necesarios—, con la columna familia y la columna ¿puede operar?: sí · sí con restricción · no. Antes de la primera casilla del scooptram va escrito qué se hace con el equipo para poder inspeccionarlo. (2) Revisión de registros: por cada equipo, si el preventivo y el programado están realizados y registrados, en qué documento se comprobó cada uno, y qué relación tienen entre sí. (3) Reporte de turno: los ítems observados con su sistema y componente, el riesgo para el personal, la medida de control adoptada y con qué equipos cuenta la guardia, diciendo qué le pasa a la labor completa. Cierra con el sustento escrito de la decisión sobre el jumbo, dirigido al jefe de guardia y al turno entrante. Se sustenta en 8 minutos con 4 láminas.",,,"Cada equipo entrega la inspección de pre-uso marcada y el reporte de ocurrencia, y los sustenta con 4 láminas en 8 minutos. Roles: Cuatro integrantes, un rol cada uno. ENERGÍA RESIDUAL: qué guarda presión con el motor apagado, en qué orden se libera y qué se hace antes de tocar el equipo. PRE-USO DEL SCOOPTRAM: la fuga, el cilindro de levante y el consumo de aceite. JUMBO Y SU PRE-USO FIRMADO: el brazo, la manguera, los dos registros del taller y el formato que la guardia saliente dejó conforme. LA FLOTA Y EL REPORTE: los tres equipos que pasan el recorrido —qué familia es cada uno y qué hace en la secuencia—, el horómetro del minetruck contra su cartilla, y el reporte de turno con el sustento de la decisión."
CASO-EOM-FMEQ-2,,colaborativo,EOM-FMEQ,EOM-FMEQ-B2,IND-EOM-FMEQ-1;IND-EOM-FMEQ-2;IND-EOM-FMEQ-3;IND-EOM-FMEQ-4,"«El camión que sí arranca». Su equipo entró esta semana como asistentes técnicos de la guardia en una contrata de acarreo, en una mina a tajo abierto. El jefe de guardia los manda al patio antes de que salgan los equipos y les pasa la flota de la zona: la perforadora rotativa del banco, la pala hidráulica que carga, el camión minero que acarrea y el camión de combustible, que abastece a todos dentro del tajo. «Quiero el pre-uso de los cuatro antes de que arranque nadie», les dice. «Y con ese camión de combustible tengan cuidado: si no baja, a media mañana tengo la flota parada esperando diésel.» La pala pasa sin observación. Los otros tres, no. El camión de combustible es un Peterbilt del ochenta y dos. Enciende bien, no bota humo, no hace ruidos raros, y el operador lo maneja tres o cuatro veces por semana sin haberse quejado nunca. Para llegar al tajo tiene que bajar una vía de acarreo de un kilómetro y medio, con siete por ciento de pendiente promedio; a mitad de la bajada hay una rampa de emergencia. Con el formato en la mano recorren el equipo. En la carpeta de la cabina encuentran una hoja del mecánico, de ayer: midió los seis frenos —son de tambor de zapata accionados por aire— y anotó que en tres la varilla recorre más de lo que permite el manual y que en dos ejes el tambor está desgastado más allá del diámetro máximo del fabricante. Cuatro de los seis están fuera de tolerancia. Al pie escribió que lo reportó y que espera repuestos. Después buscan los dos registros. El cuaderno de inspección de pre-uso está en la cabina, pero la última hoja llena tiene fecha de hace dos meses y medio. Y cuando piden el programa de mantenimiento del equipo, el supervisor de la contrata se encoge de hombros: ese camión no está en el programa. «Se nos fue por las rendijas», les dice. Del camión minero, el operador de la guardia anterior anotó que le falta fuerza subiendo cargado desde la mitad de la cuesta, aunque el motor suene parejo. Y de la perforadora rotativa, que el aceite hidráulico le llega caliente antes del mediodía y que la presión se le cae cuando levanta el mástil. Antes de irse, el jefe de guardia se para en la puerta. «Hace unos años, en una mina de Arequipa, un camión viejo que no tenía el mantenimiento al día se les fue solo en la bajada mientras cambiaban de conductor. Lo encontraron setecientos metros más abajo. A las seis y media cierro el reporte de guardia: quiero los cuatro pre-usos hechos, lo que digan los registros, y me dicen con qué equipos cuento para la guardia.»","Un equipo que arranca bien, no humea y no hace ruido, ¿puede estar en condición de matar a alguien? ¿En qué papeles te enterarías?","• Formato de inspección de pre-uso con distractores, uno por equipo — pedal y testigo del sistema de aire, fugas visibles en líneas de freno, nivel de aceite de motor, filtros de aire, mangueras de admisión, temperatura del aceite hidráulico, luces y alarma, extintor, cinturón, neumáticos, gatas de nivelación, tensado del cable del mástil • Hoja del mecánico con la medición de los seis frenos • Cartilla de mantenimiento preventivo y programa de mantenimiento de la contrata (uno de los dos no existe, y encontrarlo es parte del trabajo) • Plantilla del reporte de turno, con una fila resuelta • Manual de operación y mantenimiento del camión CAT 793F (Recursos/Sesión05/) • Ficha técnica de la perforadora Epiroc PV-271 (Recursos/Sesión04/) • DS 024-2016-EM, artículos 38, 39, 215, 374 y 375  ·  FUENTE REAL, se revela al cerrar la sustentación: MSHA (2019), Final Report - August 2, 2019 Fatality, Smoky Canyon Mine (ID 10-01590), J R Simplot Company, contratista Kilroy LLC, Afton, Wyoming. La anécdota que cuenta el jefe de guardia dentro del relato es otro caso real: OSINERGMIN, Yanaquihua, Arequipa (2013), camión UNIMOG sin mantenimiento al día, publicado en Revista Seguridad Minera.","Tres documentos, resueltos realizando el pre-uso y revisando los registros. (1) Inspección de pre-uso de los cuatro equipos, sobre el formato del equipo —que trae más ítems de los necesarios—, con la columna familia y la columna ¿puede operar?: sí · sí con restricción · no. (2) Revisión de registros: por cada equipo observado, si el mantenimiento preventivo está realizado y registrado, y si el programado lo está, diciendo en qué documento se comprobó cada uno o que no existe. (3) Reporte de turno: los ítems observados con su sistema y componente, el riesgo de operar así, la medida de control adoptada y con qué equipos cuenta la guardia. Cierra con una línea: qué familia de equipo no aparece en esta flota y por qué. Dirigido al turno entrante y al área de mantenimiento. Se sustenta en 8 minutos con 4 láminas.",,,"Cada equipo entrega la inspección de pre-uso marcada y el reporte de ocurrencia, y los sustenta con 4 láminas en 8 minutos. Roles: Cuatro integrantes, un rol cada uno. FRENOS: el pre-uso del camión de combustible y la hoja del mecánico; qué hace cada pieza del freno de tambor y qué significa que la varilla recorra de más. REGISTROS: el cuaderno de pre-uso, la cartilla del preventivo y el programa de mantenimiento — qué hay, qué falta y qué prueba cada uno. TREN DE POTENCIA Y MOTOR: el camión minero, y por qué un equipo puede sonar bien y no estar operativo. PERFORADORA, FLOTA Y REPORTE: el hidráulico y el enfriamiento de la perforadora, las cuatro familias de la zona con la familia que falta, y el consolidado del reporte."
CASO-EOM-FMEQ-S1,EOM-FMEQ-S1,sesion,EOM-FMEQ,EOM-FMEQ-B1,IND-EOM-FMEQ-1,"«El motor sube de vueltas». Transporte y Acarreo Subterráneo S.A.C. opera el minetruck del nivel 4. Ayer el operador lo dejó en el taller con una nota: subiendo la rampa cargado, el motor sube de vueltas y la máquina no avanza; en plano y vacío camina bien. El jefe de mantenimiento escribió en el parte «falta de fuerza del motor», y a las cuatro tiene al proveedor en línea para pedir un componente. Solo puede pedir uno: la última vez pidieron el equivocado y el nivel trabajó tres semanas con winche. Es el único equipo de acarreo del nivel y lleva dos guardias parado; el material del disparo sigue en el frente. El mecánico agrega, sin darle importancia, que hace dos años un scooptram se les fue de retroceso en esa misma rampa cuando le falló la transmisión cargada. El jefe les pasa una hoja en blanco. «Antes de las cuatro quiero saber qué le pido.»","Si el motor sube de vueltas y la máquina no avanza, ¿el motor está fallando?",,"En equipos, 40 minutos, sobre una hoja en blanco. Cuatro filas. (1) La cadena, en orden, desde el motor hasta la rueda. (2) Al costado de cada eslabón, qué le hace a la fuerza. (3) Con lo que el operador describe, en qué eslabón la fuerza deja de llegar a la rueda, y por qué el motor no es. (4) Qué eslabón hay que revisar primero, y en una línea por qué ese.",,,"La hoja con las cuatro filas, resuelta en equipos. Se revisa en clase; no lleva nota."
CASO-EOM-FMEQ-S2,EOM-FMEQ-S2,sesion,EOM-FMEQ,EOM-FMEQ-B1,IND-EOM-FMEQ-1;IND-EOM-FMEQ-4,"«La que amaneció más abajo». Sostenimiento y Servicios de Interior Mina S.A.C. tiene una plataforma elevadora en el acceso al frente del nivel 3. Anoche, con la canastilla arriba a cuatro metros veinte, el motor se apagó y no volvió a arrancar. La plataforma quedó cruzada en el único acceso y la guardia entra a las siete. El aceite quedó caliente: la máquina trabajó toda la tarde. Esta mañana la canastilla amaneció treinta centímetros más abajo que como quedó anoche. Un operador nuevo propone aflojar la manguera del cilindro para que baje sola. «Está apagada desde anoche», dice, «ya no debe tener presión.» El supervisor de la contrata recuerda, sin darle importancia, que en otra unidad alguien aflojó la manguera de un cilindro con la pluma arriba y la pluma bajó de golpe contra el piso. Les pasa una hoja en blanco. «Antes de que alguien se acerque, quiero saber qué hacemos y en qué orden.»",La máquina está apagada desde anoche. ¿Qué sostiene la canastilla a cuatro metros veinte?,,"En equipos, 40 minutos, sobre una hoja en blanco. Cuatro filas. (1) El recorrido del aceite, desde el tanque hasta el cilindro, nombrando cada componente. (2) Qué retiene la carga con el motor apagado, y qué prueba que la retiene. (3) Qué explica que la canastilla haya bajado treinta centímetros sin que nadie la tocara. (4) La secuencia, en orden, para dejar el equipo en condición de que alguien se acerque, y qué pasa si se afloja la manguera antes de aliviar.",,,"La hoja con las cuatro filas, resuelta en equipos. Se revisa en clase; no lleva nota."
CASO-EOM-FMEQ-S3,EOM-FMEQ-S3,sesion,EOM-FMEQ,EOM-FMEQ-B1,IND-EOM-FMEQ-1;IND-EOM-FMEQ-2,"«Qué le sobra y qué le falta a este papel». Operación y Mantenimiento de Equipo Pesado S.A.C. opera catorce equipos en la unidad, y todos usan el mismo formato de pre-uso: uno solo, impreso, que el prevencionista armó el año pasado para toda la flota. Esta mañana el jefe de guardia revisa los formatos de anoche. El del minetruck del nivel 5 está completo, firmado, todas las líneas en conforme; entre ellas, la línea «cilindros de volteo de cuchara». El del scooptram también está completo, y al costado el operador escribió a mano que el freno de parqueo tarda en soltar: no hay ninguna línea del formato donde eso vaya. El jefe de seguridad los quiere a las once con el formato corregido. Antes de irse, el jefe de guardia menciona que hace dos años, en otra unidad, un scooptram se les movió solo en la rampa mientras el operador bajaba a mirar el frente. Les pasa una hoja en blanco. «Díganme qué le sobra y qué le falta a este papel.»","Si todas las líneas están marcadas conforme, ¿el equipo está conforme?",,"En equipos, 40 minutos, sobre una hoja en blanco. Cuatro filas. (1) Los componentes críticos del scooptram y los del minetruck, cada uno en su columna. (2) Al costado de cada uno, qué hace. (3) Qué líneas del formato no corresponden al equipo que las tiene, y por qué. (4) Qué componente crítico se queda sin línea, y qué pasa si nadie lo revisa.",,,"La hoja con las cuatro filas, resuelta en equipos. Se revisa en clase; no lleva nota."
CASO-EOM-FMEQ-S4,EOM-FMEQ-S4,sesion,EOM-FMEQ,EOM-FMEQ-B1,IND-EOM-FMEQ-1;IND-EOM-FMEQ-2,"«Los mismos ocho minutos». Servicios de Perforación Subterránea S.A.C. recibió esta semana un empernador para sostener el desarrollo del nivel 4; el lunes entra a trabajar. El jefe de guardia le asignó el equipo a su perforista con más horas: ocho años en el jumbo del frente, dos temporadas en el simba del tajeo, ninguna en empernador. La capacitación del fabricante fue la semana pasada y el perforista estaba de descanso. Esta mañana entregó el pre-uso del empernador firmado y completo, sobre el mismo formato que usa para el jumbo, porque en la lista de la unidad el equipo figura entre los de perforación; le tomó ocho minutos, los mismos que le toma el del jumbo. El frente que va a sostener se disparó anoche y todavía no tiene un solo perno. El jefe de guardia comenta, sin darle importancia, que en otra unidad se les vino una plancha del techo sobre la canastilla mientras empernaban, y el operador salió con la clavícula rota. Les pasa una hoja en blanco. «Antes del lunes quiero saber qué le falta saber.»",El empernador se parece al jumbo y arranca igual. ¿Se revisa igual?,,"En equipos, 40 minutos, sobre una hoja en blanco. Cuatro filas. (1) Los componentes críticos del jumbo, y qué le añade el simba y qué le añade el empernador a esa misma base. (2) Al costado de cada pieza añadida, qué hace. (3) Cuál de los tres no es equipo de perforación, a qué familia pertenece y qué líneas nuevas exige su pre-uso. (4) Qué le dirían al perforista antes de que suba a la canastilla, y por qué ocho minutos no alcanzan.",,,"La hoja con las cuatro filas, resuelta en equipos. Se revisa en clase; no lleva nota."
CASO-EOM-FMEQ-S5,EOM-FMEQ-S5,sesion,EOM-FMEQ,EOM-FMEQ-B1,IND-EOM-FMEQ-3;IND-EOM-FMEQ-4,"«Ese siempre sale». Desarrollo y Preparación de Labores S.A.C. tiene el empernador del nivel 3. El frente quedó limpio anoche y lleva dos guardias sin sostener; el disparo está programado para las siete. Al arrancarlo esta mañana, el tablero queda con tres testigos encendidos: presión de aceite de motor, temperatura del aceite hidráulico y filtro de retorno restringido. El equipo lleva diez minutos prendido y todavía está frío. El operador no le da importancia. «Dos de esos salen siempre desde que le cambiaron el sensor», dice. «Son diez pernos, media hora y salgo.» En el pre-uso que acaba de llenar, la línea del nivel del tanque hidráulico está marcada en el mínimo. Es el único empernador del nivel. El jefe de guardia recuerda, sin darle importancia, que hace unos meses en otra contrata un equipo siguió trabajando con el testigo de presión de aceite prendido y el motor se agarrotó adentro; lo sacaron con winche dos días después. Les pasa una hoja en blanco. «¿Entra o no entra?»","Si un testigo sale siempre, ¿deja de ser una señal?",,"En equipos, 40 minutos, sobre una hoja en blanco. Cuatro filas. (1) Las señales que hay, y dónde se lee cada una: tablero o pre-uso. (2) A qué sistema pertenece cada una. (3) Cuáles impiden que el equipo entre y cuáles se reportan y siguen, con su razón. (4) El reporte al equipo de mantenimiento, con lo observado, el sistema y la medida tomada.",,,"La hoja con las cuatro filas, resuelta en equipos. Se revisa en clase; no lleva nota."
CASO-EOM-FMEQ-S7,EOM-FMEQ-S7,sesion,EOM-FMEQ,EOM-FMEQ-B2,IND-EOM-FMEQ-1;IND-EOM-FMEQ-2,"«El tanque tiene». Movimiento de Tierras y Carguío S.A.C. opera la pala hidráulica del banco 3960. Es la única del banco y carga a los tres camiones del turno. El engrase de la pala es automático: una bomba manda grasa por líneas a los puntos mientras la máquina trabaja. El depósito está lleno. El engrasador nuevo revisó el registro del último mes y notó algo: el nivel del depósito está anotado igual en las cuatro semanas, el mismo número cuatro veces. El operador no le da importancia. «El automático lo hace todo», dice, «yo solo miro que el tanque tenga.» En el manual del equipo hay catorce puntos de engrase; el sistema automático llega a nueve. El jefe de mantenimiento comenta, sin darle importancia, que en otra unidad se les comió la corona de giro de una pala por falta de engrase y estuvo dos meses parada esperando el repuesto. Les pasa una hoja en blanco. «Antes de que arranque, quiero saber qué le falta.»","Si el depósito está lleno, ¿el equipo está engrasado?",,"En equipos, 40 minutos, sobre una hoja en blanco. Cuatro filas. (1) Los puntos de lubricación del equipo, separando los que cubre el sistema automático de los que no. (2) Al costado de cada uno, qué protege. (3) Qué prueba que el sistema automático no está dosificando. (4) Qué líneas debería tener el pre-uso para que esto no vuelva a pasar.",,,"La hoja con las cuatro filas, resuelta en equipos. Se revisa en clase; no lleva nota."
CASO-EOM-FMEQ-S8,EOM-FMEQ-S8,sesion,EOM-FMEQ,EOM-FMEQ-B2,IND-EOM-FMEQ-1;IND-EOM-FMEQ-2,"«Lo miró cargado». Carguío y Acarreo de Mineral S.A.C. trabaja el banco 3920 con una pala hidráulica y cuatro camiones. A media mañana el operador de la pala avisa por radio que al cucharón le falta un diente, y que no sabe desde cuándo. El camión 12 ya salió cargado y está en la cola de la chancadora. Al revisar el camión en la cola, la suspensión trasera derecha está visiblemente más baja que la izquierda. En su pre-uso de esta mañana, la línea de suspensión está marcada conforme; el operador explica que la miró él mismo, con el camión ya cargado en el primer viaje. El jefe de guardia comenta, sin darle importancia, que hace dos años les entró un diente a la chancadora y estuvo dos días parada. Les pasa una hoja en blanco. «Antes de que ese camión descargue, quiero saber qué tengo.»",El operador miró la suspensión y la marcó conforme. ¿Está mal marcada?,,"En equipos, 40 minutos, sobre una hoja en blanco. Cuatro filas. (1) Los componentes críticos del camión minero y los de la pala hidráulica, en dos columnas. (2) Al costado de cada uno, qué hace. (3) Por qué la línea de suspensión del pre-uso está mal marcada, aunque el operador la haya mirado. (4) Qué se hace con el camión que ya cargó y qué con la pala.",,,"La hoja con las cuatro filas, resuelta en equipos. Se revisa en clase; no lleva nota."
CASO-EOM-FMEQ-S9,EOM-FMEQ-S9,sesion,EOM-FMEQ,EOM-FMEQ-B2,IND-EOM-FMEQ-1;IND-EOM-FMEQ-2,"«Hoy avanza más rápido». Perforación de Bancos y Voladura Superficial S.A.C. opera la perforadora rotativa del banco 3980. Esta mañana el operador reporta, contento, que está avanzando más rápido que ayer. También cuenta, sin darle importancia, que por el collar del taladro está saliendo menos detrito que de costumbre y que anoche le subió el empuje para compensar. En el pre-uso de ayer y en el de hoy, la línea de filtros de aire está marcada conforme; en el cuaderno del taller, el último cambio de filtros del compresor no tiene fecha. El jefe de guardia recuerda, sin darle importancia, que en otra unidad se les quedó una sarta trabada en el taladro y estuvieron tres días sacándola. Les pasa una hoja en blanco. «Explíquenme por qué está avanzando más rápido.»","Si el equipo avanza más rápido, ¿está trabajando mejor?",,"En equipos, 40 minutos, sobre una hoja en blanco. Cuatro filas. (1) Los componentes críticos de la perforadora rotativa y qué hace cada uno. (2) Qué papel cumple el aire de barrido en la perforación. (3) Por qué avanzar más rápido con menos detrito no es mejor rendimiento. (4) Qué se reporta y qué se hace con el equipo mientras tanto.",,,"La hoja con las cuatro filas, resuelta en equipos. Se revisa en clase; no lleva nota."
CASO-EOM-FMEQ-S10,EOM-FMEQ-S10,sesion,EOM-FMEQ,EOM-FMEQ-B2,IND-EOM-FMEQ-1;IND-EOM-FMEQ-3,"«Frena perfecto». Transporte de Desmonte a Botadero S.A.C. tiene cuatro volquetes en la ruta del botadero. La bajada es de dos kilómetros al ocho por ciento y los equipos salen a las siete. El operador del volquete 3 lleva quince años en la ruta y dice que su equipo frena perfecto; lo probó esta mañana en el patio y se detuvo donde siempre. En el pre-uso marcó la línea de frenos conforme. El mecánico, que estaba al lado revisando otro equipo, midió la carrera de la varilla del freno delantero izquierdo por costumbre: llega justo a la marca de máximo que trae el manual. En el volquete de al lado, la misma varilla recorre bastante menos. El jefe de guardia menciona, sin darle importancia, que en otra unidad un volquete cargado no alcanzó a detenerse en el cruce del botadero y se llevó la berma. Les pasa una hoja en blanco. «¿Sale o no sale?»","El equipo frenó donde siempre. ¿Frenará cargado, al final de la bajada?",,"En equipos, 40 minutos, sobre una hoja en blanco. Cuatro filas. (1) Los componentes del sistema de frenos del volquete y qué hace cada uno. (2) Cómo se comprueba cada componente en el pre-uso. (3) Cuáles se ven, cuáles se prueban y cuáles se miden. (4) Qué margen le queda a este equipo y qué se decide con eso.",,,"La hoja con las cuatro filas, resuelta en equipos. Se revisa en clase; no lleva nota."
CASO-EOM-FMEQ-S11,EOM-FMEQ-S11,sesion,EOM-FMEQ,EOM-FMEQ-B2,IND-EOM-FMEQ-2;IND-EOM-FMEQ-4,"«La cartilla está al día». Servicios Integrales de Mantenimiento Minero S.A.C. atiende la flota de camiones de la unidad. El camión 12 tiene la cartilla del preventivo firmada y al día: el PM-500 se le hizo hace cuarenta horas de horómetro. En el programa de la semana, sin embargo, aparece un trabajo del camión 12 que no es preventivo: cambio del cilindro de levante de tolva. Revisando hacia atrás, el mismo trabajo aparece en el programa de las tres semanas anteriores, cada vez reprogramado para la siguiente. El supervisor de la contrata dice que el equipo está al día porque el preventivo está al día. El jefe de guardia comenta, sin darle importancia, que el operador viene anotando hace un mes que la tolva baja sola cuando la deja levantada. Les pasa una hoja en blanco. «Díganme si ese camión está al día o no.»","Si el preventivo está al día, ¿el equipo está al día?",,"En equipos, 40 minutos, sobre una hoja en blanco. Cuatro filas. (1) Qué es mantenimiento preventivo y qué es programado, y en qué se diferencian. (2) En qué documento se comprueba cada uno. (3) Qué dice cada documento sobre el camión 12. (4) Si el camión está al día o no, y qué se reporta.",,,"La hoja con las cuatro filas, resuelta en equipos. Se revisa en clase; no lleva nota."
