contenido_id,sesion_id,indicador_id,contenido,recursos,desarrollo,origen
C-EOM-METEXP-S1-1,EOM-METEXP-S1,IND-EOM-METEXP-2,"Identificación de la forma, la potencia y el buzamiento de una veta",Imágenes de labores reales,"La veta es un cuerpo mineralizado encerrado entre dos cajas | La caja techo va encima de la veta; la piso, debajo | La potencia es el espesor de la veta entre sus cajas | Se mide perpendicular a las cajas, nunca en horizontal | El buzamiento es la inclinación de la veta respecto a la horizontal | Una veta de 70 grados es casi vertical; de 20, tendida | La forma del cuerpo dice cómo se presenta el mineral | Veta, manto y cuerpo son las tres formas más comunes | La veta es angosta y larga; el cuerpo ocupa gran volumen | Forma, potencia y buzamiento se leen antes de decidir nada",oficial
C-EOM-METEXP-S1-2,EOM-METEXP-S1,IND-EOM-METEXP-2,Reconocimiento de la calidad de la roca de una labor,Ficha técnica de labor,"El RMR es la nota del macizo rocoso, de 0 a 100 | A menor RMR, peor calidad de roca y menos estabilidad | Sobre 60 la roca es buena; bajo 30, mala | La ficha declara el RMR de las cajas y del mineral | Cajas y mineral pueden tener calidades muy distintas entre sí | El RMR no cambia con el ancho que se abra | Es una condición del terreno, no una decisión de la mina | El dato viene del mapeo geomecánico, no del criterio del maestro",oficial
C-EOM-METEXP-S1-3,EOM-METEXP-S1,IND-EOM-METEXP-2,Diferencia entre la potencia de la veta y el ancho de la labor,Esquemas comparados de potencia y sección,"La potencia es lo que mide la veta: un dato geológico | El ancho de labor es lo que se rompe: una decisión | La sección es la excavación por donde circulan personas y equipo | El ancho de labor nunca es menor que la potencia | Casi siempre es mayor, porque hay que dejar espacio de trabajo | Romper solo la potencia deja la labor sin sección para operar | Una veta de 1,20 m no da una labor de 1,20 m | Confundir potencia con ancho de labor es el error más común",oficial
C-EOM-METEXP-S1-4,EOM-METEXP-S1,IND-EOM-METEXP-2,Relación entre el ancho de la labor y su sostenimiento,Caso de la sesión y tabla geomecánica,"La abertura máxima sin sostener se lee en la tabla geomecánica | La tabla cruza calidad de roca con abertura y sostenimiento | El tiempo de autosoporte es cuánto aguanta esa abertura sin moverse | El sostenimiento pasivo recibe la carga cuando la roca se mueve | Cuadros de madera y cimbras son sostenimiento pasivo | El activo trabaja con la roca antes de que se mueva | Los pernos Hydrabolt y el shotcrete son sostenimiento activo | Con el mismo RMR, el sostenimiento activo permite abrir mucho más | La bóveda en arco reparte mejor la carga que el techo recto | La tabla se publica en cada labor por el D.S. 024-2016-EM",propuesto
C-EOM-METEXP-S2-1,EOM-METEXP-S2,IND-EOM-METEXP-1,Identificación de las cinco operaciones unitarias,Fotografías de operación en labor subterránea,"Una operación unitaria transforma o desplaza el material de la labor | Tiene su propio equipo, su propio insumo y su propio producto | Se puede medir sola: metros perforados, toneladas movidas | Perforar abre los taladros donde va a ir el explosivo | Volar rompe la roca y la convierte en material suelto | Cargar levanta el material roto y lo pone en el equipo | Acarrear lo lleva del frente al echadero o a superficie | Sostener sujeta el techo y las cajas de la labor abierta | Cinco operaciones, cinco productos distintos, cinco formas de medirlas | Si al material no le pasa nada, no es operación unitaria",oficial
C-EOM-METEXP-S2-2,EOM-METEXP-S2,IND-EOM-METEXP-1,Ordenamiento de las operaciones según se ejecutan,Esquema del ciclo de minado,"El orden no es una costumbre: cada paso necesita al anterior | Sin taladros abiertos no hay dónde poner el explosivo | Sin disparo no hay material roto que cargar | Sin carguío el frente queda tapado y nada avanza | Sin acarreo la cámara se llena y el scoop se detiene | Sostener va sobre roca limpia y desatada, no sobre desmonte | Terminado el sostenimiento, el frente vuelve a estar listo para perforar | El ciclo es un círculo: la quinta operación devuelve a la primera | Cada vuelta del ciclo avanza la labor lo que midió el disparo",oficial
C-EOM-METEXP-S2-3,EOM-METEXP-S2,IND-EOM-METEXP-1,Distinción entre operación unitaria y control permanente,Esquema del ciclo y su entorno · D.S. 024-2016-EM,"Ventilar, desatar y regar acompañan al ciclo entero | Ninguna de ellas transforma ni desplaza el material de la labor | Previenen un daño: no producen avance ni tonelaje | Meterlas en la lista del ciclo es el error más común | El reglamento manda desatar antes, durante y después de perforar | Y también antes y después de la voladura: siempre | El desatado manual va con dos personas: una desata, otra vigila | Prohibido entrar al frente hasta que los gases bajen del límite","propuesto · Walther Alcocer, 2026-08-13 (OBS-EOM-METEXP-15)"
C-EOM-METEXP-S2-4,EOM-METEXP-S2,IND-EOM-METEXP-1,Ubicación de lo observado dentro del ciclo,Caso de la sesión y el bloc del ayudante,"Lo que se ve en el frente es un instante del ciclo | La guardia toma el ciclo donde lo dejó la anterior | Un frente con humo viene de un disparo reciente | Un frente con material roto pide carguío, no perforación | El orden en que uno lo ve no es el orden real | Cada anotación se ubica preguntando qué le pasó al material | El reporte del ciclo se llena con operaciones, no con lo demás | Lo que se repite dentro de la guardia es control, no operación",propuesto · deriva del caso de la sesión
C-EOM-METEXP-S3-1,EOM-METEXP-S3,IND-EOM-METEXP-1,Identificación del equipo de cada operación,Fotografías de equipo trabajando · ficha técnica,"Cada operación unitaria tiene su equipo y su insumo | El jumbo perfora los taladros; la jackleg también, a mano | El cargador neumático mete el explosivo dentro del taladro | El scooptram levanta el material roto y lo lleva a la cámara | El camión de bajo perfil lo saca hasta el echadero | El empernador coloca el perno y la malla en el techo | Un equipo no hace dos operaciones distintas del ciclo | Cambiar de equipo no cambia la operación: cambia el rendimiento | Si no sabes qué operación es, el equipo no te lo dice solo",oficial
C-EOM-METEXP-S3-2,EOM-METEXP-S3,IND-EOM-METEXP-1,Distinción entre equipo mecanizado y convencional,Comparativa de equipo por operación,"El convencional lo mueve la persona; el mecanizado, un motor | Jackleg y carretilla son convencionales; jumbo y scoop, mecanizados | El mecanizado rinde más y exige más sección para entrar | El convencional entra donde el mecanizado no cabe | El winche con rastrillo limpia donde el scoop no maniobra | El mecanizado a diésel necesita ventilación que diluya sus gases | El empernador mecanizado pide altura libre sobre el techo | La elección no es de gusto: la decide lo que la labor admite",oficial
C-EOM-METEXP-S3-3,EOM-METEXP-S3,IND-EOM-METEXP-1,Reconocimiento del material y del control de cada operación,Ficha de labor y estándares de la unidad,"Cada operación consume un material propio y medible | Perforar gasta barrenos y brocas; volar, explosivo y accesorios | Sostener gasta pernos, malla, cemento o resina | El control del técnico es lo que se comprueba antes de seguir | En perforación se controla el paralelismo y la longitud del taladro | En voladura, la carga por taladro y el amarre antes de disparar | En sostenimiento, el torque del perno y el traslape de la malla | Sin el control, la operación se dio por hecha pero no por buena",oficial
C-EOM-METEXP-S3-4,EOM-METEXP-S3,IND-EOM-METEXP-1,Asignación del equipo según lo que la labor admite,Caso de la sesión y lista de almacén,"La sección de la labor decide qué equipo puede entrar | La energía disponible decide si el equipo puede trabajar | El recorrido hasta el echadero decide si hace falta acarreo | Un equipo que no cabe no es lento: es inservible ahí | Pedir el equipo equivocado detiene la guardia entera | El desate va en toda labor, mecanizada o no | Lo que cambia entre dos labores es el equipo, no las operaciones | Antes de pedir, se lee la ficha: sección, energía y recorrido",propuesto · deriva del caso de la sesión
C-EOM-METEXP-S4-1,EOM-METEXP-S4,IND-EOM-METEXP-2,Identificación de las labores que componen un método,Planos de sección de operaciones reales,Un método se reconoce por las labores que necesita | La rampa da acceso al cuerpo y baja pegada a la caja piso | El subnivel es un acceso horizontal desde el que se perfora | La chimenea comunica dos niveles y da cara libre al disparo | El corte es una rebanada horizontal que se saca y se rellena | La galería de transporte y el crucero sacan el mineral abajo | Cada labor cuesta preparación antes de producir una tonelada | Las labores que se ven en el plano dicen qué método es,oficial
C-EOM-METEXP-S4-2,EOM-METEXP-S4,IND-EOM-METEXP-2,Reconocimiento de las condiciones que admite cada método,"Fichas de yacimiento con potencia, buzamiento y RMR","Cuatro datos deciden: forma, potencia, buzamiento y RMR | Con potencia grande y cajas firmes el tajeo aguanta sin relleno | Con veta angosta hay que sacar el mineral rebanada por rebanada | Sobre 60 grados el mineral roto baja solo por gravedad | Con cajas de RMR bajo el tajeo no se sostiene solo | El método no se elige por costumbre: lo admite el terreno | El mismo yacimiento puede pedir dos métodos en dos zonas | Un método aplicado donde no corresponde acaba en dilución o en caída",oficial
C-EOM-METEXP-S4-3,EOM-METEXP-S4,IND-EOM-METEXP-2,Comparación entre el tajeo sin relleno y el relleno sucesivo,Comparativa de los dos métodos,"En un caso el hueco queda vacío hasta terminar el tajeo | En el otro cada corte se rellena antes de sacar el siguiente | El tajeo sin relleno exige cajas competentes y buzamiento alto | El relleno permite trabajar con cajas malas y veta angosta | El tajeo sin relleno rinde más y es menos selectivo | El relleno es selectivo y gasta material de relleno | El tajeo sin relleno casi no consume madera; el relleno, mucho más | Lo que cambia no es el ciclo: son las labores y el sostenimiento",oficial
C-EOM-METEXP-S4-4,EOM-METEXP-S4,IND-EOM-METEXP-2,Cómo se lee un plano para atribuirle un método,Caso de la sesión y los dos planos,"Un plano no dice el método: lo dicen sus labores | Primero se leen las labores, después se mira la ficha | Un indicio que aparece en los dos métodos no decide nada | Se busca el indicio que solo puede darse en uno | La ficha confirma lo que la labor ya sugirió | Dos datos bien elegidos sostienen la respuesta; diez mal elegidos, no | Si la labor y la ficha se contradicen, se vuelve a leer el plano | Se nombra el método al final, no al principio",propuesto · deriva del caso de la sesión
C-EOM-METEXP-S5-1,EOM-METEXP-S5,IND-EOM-METEXP-1,Lectura del estado en que quedó una labor,Parte de guardia y fotografías de frente,"Toda labor se recibe a mitad del ciclo, nunca en cero | El estado se lee en el frente, no en el reporte | Un frente con humos viene de un disparo sin ventilar | Material roto en el piso significa que falta carguío | Techo sin asegurar significa que falta sostenimiento | Malla y pernos hasta el tope: la labor está lista para perforar | Lo que se ve dice en qué operación se quedó la guardia anterior | El estado manda sobre lo que diga el programa",oficial
C-EOM-METEXP-S5-2,EOM-METEXP-S5,IND-EOM-METEXP-1,Determinación de la operación que continúa,Esquema del ciclo de minado,"La operación que sigue es el paso siguiente del ciclo | Del disparo se sigue al carguío, nunca al sostenimiento | De la limpieza se sigue al sostenimiento, no a la perforación | Del sostenimiento se vuelve a perforar y el ciclo cierra | Antes del carguío van la ventilación y el desate | Ninguna de esas dos es la operación que continúa | Se nombra la operación, no la tarea que la habilita | Cada vuelta del ciclo avanza lo que midió el disparo",oficial
C-EOM-METEXP-S5-3,EOM-METEXP-S5,IND-EOM-METEXP-1,Consecuencia de alterar el orden del ciclo,Casuística de labores detenidas,"Cada operación necesita el producto de la anterior | Perforar sobre material sin limpiar deja el frente sin cara | Sostener sobre desmonte deja el perno sin anclaje | Cargar sin ventilar expone a la cuadrilla a los gases | Saltarse un paso no adelanta: detiene el que viene después | Lo que se detiene tiene nombre: la operación siguiente | Un frente detenido lo está toda la guardia, no un rato | El costo de romper el orden lo paga la guardia siguiente",oficial
C-EOM-METEXP-S5-4,EOM-METEXP-S5,IND-EOM-METEXP-1,Llenado del reporte de guardia con lo recibido,Caso de la sesión y el parte saliente,"El reporte se llena con lo que se recibe, no con lo que se hará | Cada labor recibida se anota con su estado y su operación siguiente | Si el parte anterior no alcanza, se anota qué dato falta | Anotar «falta el dato» vale más que suponerlo | Un reporte firmado sobre un supuesto es de quien firma | El que entra responde por lo que aceptó sin observar | El reporte lo lee la guardia siguiente, no el instructor | Sin firma, el reporte de guardia no vale",propuesto · deriva del caso de la sesión
C-EOM-METEXP-S7-1,EOM-METEXP-S7,IND-EOM-METEXP-2,Lectura de la tabla geomecánica de la labor,Tabla del Art. 33 publicada en labor,"La tabla cruza calidad de roca con abertura y sostenimiento | Trae dos aberturas, y no son la misma | La primera es lo que el terreno aguanta sin sostener | La segunda es lo que habilita el sostenimiento aplicado | El autosoporte dice cuánto dura esa abertura sin moverse | La tabla declara el RMR de las cajas y el del mineral | Cajas y mineral pueden estar en calidades distintas | Se publica en cada labor por el D.S. 024-2016-EM",oficial
C-EOM-METEXP-S7-2,EOM-METEXP-S7,IND-EOM-METEXP-2,Comparación entre la potencia y la abertura admisible,Levantamiento de geología y geomecánica,"La potencia es lo que mide la veta; la abertura, lo que el terreno aguanta | Si la potencia cabe sin sostener, se rompe y ya | Si la supera, no se abre hasta sostener | El sostenimiento habilita una abertura mayor que la del terreno solo | Con el mismo RMR, el sostenimiento activo permite abrir mucho más | La comparación se hace con números, no a ojo | Se compara contra la columna que corresponde, no contra cualquiera | Abrir más de lo que la tabla admite es lo que precede a una caída",oficial
C-EOM-METEXP-S7-3,EOM-METEXP-S7,IND-EOM-METEXP-2,El ancho mínimo de minado que impone el equipo,Fichas de jumbo y scooptram,"El equipo también fija un ancho, y ese no lo pone la geología | En mina mecanizada no se mina por debajo de 2,40 m | Una veta más angosta que ese mínimo obliga a romper caja | El desmonte que entra con el mineral es dilución | Aquí la dilución es forzada: no es un error del maestro | Se rompe el mínimo aunque la veta mida menos | Romper solo la potencia deja la labor sin sección para operar | El límite lo pone el terreno o el equipo, según el tramo",oficial
C-EOM-METEXP-S7-4,EOM-METEXP-S7,IND-EOM-METEXP-2,Redacción de la instrucción de minado por tramo,Caso de la sesión y formato de pizarra,"Un tramo no se instruye con el ancho solo: va con su sostenimiento | Primero el RMR, después la abertura, después la potencia | El ancho que se escribe es el mayor entre potencia y mínimo de minado | Si ese ancho supera la abertura sin sostener, el sostenimiento va antes | Una veta que supera la abertura habilitada se saca por realces | La instrucción se escribe en la pizarra, para el maestro | Un tramo, un renglón: no hay una instrucción para toda la veta | Lleva firma porque alguien la va a ejecutar",propuesto · deriva del caso de la sesión
C-EOM-METEXP-S8-1,EOM-METEXP-S8,IND-EOM-METEXP-3,Las cinco exigencias de una labor,Fichas de labor y de equipo,"Una labor exige cinco cosas para que un equipo trabaje en ella | Sección: el hueco por donde entra y maniobra | Gradiente: la pendiente que sube o baja cargado | Energía: la que necesita, diésel o red | Vía: rieles donde los hay, calzada y radio de giro donde no | Piso: firmeza y drenaje para pararse y frenar | Si una sola no se cumple, el equipo no trabaja ahí | Las cinco se declaran antes de excavar, no después",oficial
C-EOM-METEXP-S8-2,EOM-METEXP-S8,IND-EOM-METEXP-3,"La exigencia la impone el equipo, no la costumbre",Fichas de catálogo de los tres equipos,"Cada valor de la hoja sale de la ficha de un equipo | El ancho lo impone el equipo más ancho que va a entrar | El alto lo impone el más alto, con torreta y servicios | La gradiente, el que menos sube cargado | La energía, el único que necesita red | Ningún equipo manda en las cinco a la vez | Copiar la ficha del más grande deja a otro sin trabajar | Un valor sin equipo al lado es un valor copiado",oficial
C-EOM-METEXP-S8-3,EOM-METEXP-S8,IND-EOM-METEXP-3,El sentido de la rampa cambia lo que exige,Esquema de rampa positiva y negativa,"La rampa positiva sube desde el nivel: la carga baja | La negativa baja hasta el nivel: la carga sube | La sección no cambia con el sentido: el equipo mide lo mismo | La gradiente sí: subiendo es tracción, bajando es freno | El agua corre siempre hacia abajo, y en la negativa va al fondo | Una rampa negativa necesita cuneta con salida y bombeo | El porcentaje de gradiente se da para que el agua fluya | Mismo número y mismo hueco, distinta exigencia",oficial
C-EOM-METEXP-S8-4,EOM-METEXP-S8,IND-EOM-METEXP-3,Llenado de la hoja de condiciones,Caso de la sesión y la hoja firmada,"La hoja de condiciones es lo que se manda a construir | Cada línea lleva el valor, el equipo que lo impone y su ficha | Se pregunta línea por línea si el valor depende del sentido | Se rehace solo lo que cambia: rehacer de más para la obra | Un dato que no está en la ficha se solicita, no se supone | Una línea sin cerrar se marca; no se firma en blanco | Se firma porque el contratista construye con ella | Lo que no se exige por escrito no se reclama después",propuesto · deriva del caso de la sesión
C-EOM-METEXP-S9-1,EOM-METEXP-S9,IND-EOM-METEXP-3,Las cuatro labores subterráneas y lo que piden,Estándares de labor de la unidad,"El frente es el fondo de una labor que avanza | El tajeo es donde se saca mineral, no donde se avanza | La rampa comunica niveles y por ella circula todo el equipo | La chimenea es vertical o inclinada y casi no admite equipo | Cada una tiene su sección y su gradiente propias | Una labor angosta no admite el mismo equipo que una rampa | La labor no se adapta al equipo: el equipo se elige por la labor | Antes de asignar se lee la ficha de la labor",oficial
C-EOM-METEXP-S9-2,EOM-METEXP-S9,IND-EOM-METEXP-3,Correspondencia entre equipo y labor,Relación de equipos de almacén,"El jumbo perfora frente y rampa, no la chimenea | El scooptram limpia frente y tajeo, y sube por la rampa | El winche de arrastre trabaja donde el scoop no entra | La chimenea se trabaja con equipo propio | Un equipo puede servir en dos labores y fallar en una tercera | Que falle en una no lo inhabilita en las demás | La correspondencia se prueba con la ficha, no con la costumbre | Se dice dónde entra y dónde no, con la exigencia que falla",oficial
C-EOM-METEXP-S9-3,EOM-METEXP-S9,IND-EOM-METEXP-3,Detección del equipo que no puede entrar,Fichas cruzadas de equipo y labor,"Un equipo que no cabe no es lento: es inservible ahí | La exigencia que falla se nombra: no basta decir «no entra» | Un mismo equipo puede fallar en dos labores por motivos distintos | Generalizar «este equipo no sirve» es respuesta equivocada | Se prueba con el número de la ficha contra el de la labor | Sin el dato, la observación no se sostiene | Asignar mal detiene la labor toda la guardia | Una labor sin equipo posible se declara, no se disimula",oficial
C-EOM-METEXP-S9-4,EOM-METEXP-S9,IND-EOM-METEXP-3,Devolución del programa con observaciones,Caso de la sesión y el programa firmado,"Un programa firmado se devuelve observado, no se desobedece | Se observa solo lo que no procede, y se dice por qué | Cada observación lleva la exigencia y el dato que la prueba | Observar de más cuesta lo mismo que no observar | Lo que está bien se aprueba, y eso también se escribe | Al final se declara qué labor queda sin poder trabajar | La observación lleva firma y fecha del que la hace | Devolver a tiempo es trabajo del técnico",propuesto · deriva del caso de la sesión
C-EOM-METEXP-S10-1,EOM-METEXP-S10,IND-EOM-METEXP-2,Las labores del tajo abierto,Planos y fotografías de operación a cielo abierto,"El banco es el escalón desde donde se extrae el material | Su altura la fija el diseño del talud, no la guardia | La rampa comunica los bancos y por ella sale todo | El botadero recibe el desmonte, lo que no tiene ley | El pad y el stock reciben mineral, cada uno a su destino | La chancadora es el destino del mineral que va a planta | A cielo abierto no hay frente ni tajeo: hay banco | Las labores del tajo se reconocen en el plano por su forma",oficial
C-EOM-METEXP-S10-2,EOM-METEXP-S10,IND-EOM-METEXP-2,Las operaciones unitarias en superficie y su equipo,Relación de equipos de superficie,"El ciclo a cielo abierto también empieza perforando | La perforadora sobre orugas abre taladros de gran diámetro | La voladura se carga con ANFO desde camión fábrica | La pala hidráulica carga el material roto en los camiones | El camión minero acarrea por la rampa hasta su destino | El cargador frontal trabaja en los stocks, no en el banco | Los equipos son los mismos en función y distintos en tamaño | Cada operación ocurre en una labor, y se anota con ella",oficial
C-EOM-METEXP-S10-3,EOM-METEXP-S10,IND-EOM-METEXP-2,La operación que no aparece a cielo abierto,Comparativa del ciclo arriba y abajo,"De las cinco operaciones subterráneas, arriba hay cuatro | El sostenimiento no aparece porque no hay techo que sostener | La estabilidad la da el diseño del talud, no una operación | Ángulo, altura de banco y berma vienen ya definidos | Eso se decide antes de la guardia, no durante | Perforación y voladura sí existen, y con más explosivo | Suponer que a cielo abierto no se vuela es el error más común | El ciclo se acorta, pero no cambia de naturaleza",oficial
C-EOM-METEXP-S10-4,EOM-METEXP-S10,IND-EOM-METEXP-2,Llenado del parte de guardia de superficie,Caso de la sesión y el formato de parte,"El parte trae las mismas cinco filas que el de subterránea | Cada fila se llena con el equipo y la labor donde ocurrió | Una fila queda vacía, y el porqué se escribe al margen | Una fila vacía sin explicación es un parte incompleto | El acarreo es la única fila con más de un destino | Regar la vía y emparejar el piso no son operación unitaria | Van abajo, en servicios de mina, no en una fila del ciclo | Meterlas en el ciclo reporta la guardia por debajo de lo que fue",propuesto · deriva del caso de la sesión
C-EOM-METEXP-S11-1,EOM-METEXP-S11,IND-EOM-METEXP-3,Los pases que llena un camión,Fichas de pala y de camión,Un pase es una cucharada de la pala dentro de la tolva | Los pases que llenan un camión salen de dos capacidades | La cuchara de la pala se mide en metros cúbicos | La tolva del camión se mide en toneladas | La densidad del material convierte metros cúbicos en toneladas | La ficha del camión declara con cuántos pases se llena | Un pase de menos deja el camión a media carga toda la guardia | Lo que se pierde por viaje se multiplica por todos los viajes,oficial
C-EOM-METEXP-S11-2,EOM-METEXP-S11,IND-EOM-METEXP-3,El destino de cada material,Registro de destinos y ley de corte,Del banco no sale un solo material: salen varios | La ley de corte separa el mineral del desmonte | Sobre la ley de corte va a chancadora o a stock | Bajo la ley de corte va al botadero | El destino lo marca geología antes de que la pala cargue | Un mineral al botadero no resta tonelaje: resta ley | Un desmonte a chancadora ensucia la alimentación de planta | El destino equivocado no se ve en el tonelaje del día,oficial
C-EOM-METEXP-S11-3,EOM-METEXP-S11,IND-EOM-METEXP-3,El equipo que no corresponde a la labor,Asignación de guardia y fichas de flota,"Cada camión tiene su ruta y su condición de piso | Un equipo que derrapa en pista mojada no va al botadero con lluvia | La ficha declara la limitación; el clima decide si aplica | Un equipo fuera de ruta deja de hacer sus viajes | Los viajes que no se hicieron son toneladas que no salieron | Asignar mal no rompe el equipo: rompe el programa | La desviación se prueba con la ficha, no con la impresión | Quien asigna responde; quien lo ve, reporta",oficial
C-EOM-METEXP-S11-4,EOM-METEXP-S11,IND-EOM-METEXP-3,Redacción del reporte de desviación,Caso de la sesión y el reporte de movimiento,"Un reporte de desviación no es un descargue de producción | Cada desviación lleva qué pasó, con qué se prueba y qué se pide | Sin el dato que la prueba, la desviación no se sostiene | La cuenta que la sostiene se escribe al pie | Hay desviaciones que no restan toneladas y se reportan igual | Lo que no se reporta se repite la guardia siguiente | El reporte lo responde alguien: por eso lleva firma y fecha | Reportar es la última operación del técnico, no la opcional",propuesto · deriva del caso de la sesión
C-EOM-SOST-S1-1,EOM-SOST-S1,IND-EOM-SOST-1,Distinción entre el refuerzo y el soporte por la forma en que trabajan sobre el macizo,Esquema comparado de refuerzo y soporte,"El refuerzo trabaja dentro de la roca, cosiéndola desde adentro | El soporte trabaja fuera, recibiendo la carga que ya se soltó | El perno y el cable son refuerzo: entran dentro del taladro | La malla, el shotcrete, el cuadro y la cimbra son soporte | El refuerzo evita que el bloque se suelte de la roca | El soporte retiene el bloque que igual se llegó a soltar | Casi toda labor lleva los dos, y en ese orden | Primero se refuerza el macizo, después se retiene lo que caiga | Pedir soporte sin refuerzo es tapar la roca sin sujetarla",propuesto
C-EOM-SOST-S1-2,EOM-SOST-S1,IND-EOM-SOST-1,Identificación de los tipos de perno por su forma de anclaje y su especificación técnica,"Fotografías de split set, perno helicoidal e hydrabolt, y ficha técnica del perno","El split set ancla por fricción: se golpea dentro del taladro | Su diámetro es mayor que la broca y aprieta contra la roca | Viene de cinco y de siete pies, según la sección de labor | El perno helicoidal ancla con resina o cemento dentro del taladro | Es barra de diecinueve milímetros con un extremo biselado | Va de cuatro a ocho pies, y la sección decide cuál | El hydrabolt ancla por expansión, inflado con agua a presión | La platina y la tuerca cierran el perno contra la roca | El taladro se perfora diez centímetros más corto que el perno",oficial
C-EOM-SOST-S1-3,EOM-SOST-S1,IND-EOM-SOST-1,Especificación del cable bolting y su procedimiento de instalación,Fotografía de instalación de cable bolting y su ficha técnica,"El cable es acero trenzado, no barra: entra al taladro enrollado | Se ancla inyectando lechada de cemento en todo el taladro | Alcanza longitudes que una barra rígida no puede meter adentro | La lechada se inyecta desde el fondo, para no dejar vacíos | El cable trabaja recién cuando la lechada ha fraguado | Su placa y su cuña reemplazan a la platina del perno | Se instala en malla sistemática, según el estándar de la unidad | Su ventaja no es aguantar más, es llegar más lejos",oficial
C-EOM-SOST-S1-4,EOM-SOST-S1,IND-EOM-SOST-1,Correspondencia entre el ancho del tajeo y el largo de perno que le alcanza,Caso de la sesión y estándar de sostenimiento de la unidad,"El ancho de tajeo es la luz entre cajas sin apoyo | La cuña de roca que se suelta crece con ese ancho | El perno tiene que anclar más allá de esa cuña | Por eso el estándar da más largo a más sección | Hasta cuatro cincuenta de ancho, el estándar manda siete pies | Por encima de cinco metros, el estándar manda ocho pies | El técnico ejecuta el estándar cuando su sección figura en él | Cuando no figura, la cuña dice qué perno pedir | El cable se reserva para luces que ningún perno alcanza | Pedir cable donde el estándar manda perno retrasa la labor",oficial
C-EOM-SOST-S2-1,EOM-SOST-S2,IND-EOM-SOST-1,Especificación e instalación de la malla electrosoldada y del shotcrete,Fotografías de malla instalada y de lanzado · fichas técnicas,"La malla retiene los bloques que se sueltan entre perno y perno | Se especifica por el diámetro del alambre y el tamaño de cocada | Va sujeta con la platina del perno, nunca clavada aparte | Las hojas se traslapan; nunca se ponen borde con borde | El shotcrete es concreto lanzado contra la roca a presión | Se especifica por su espesor y por llevar fibra o no | La distancia de lanzado va entre ochenta centímetros y metro y medio | Fuera de ese rango aumenta el rebote y se pierde material | En vía húmeda el rebote normal no pasa del quince por ciento | Su resistencia normal es de doscientos cuarenta kilos por centímetro cuadrado",oficial
C-EOM-SOST-S2-2,EOM-SOST-S2,IND-EOM-SOST-1,"Especificación e instalación del cuadro de madera y de la cimbra metálica, con su espaciamiento",Fotografías de cuadro y de cimbra · ficha del arco metálico,"El cuadro es madera: dos postes, un sombrero y su guardacabeza | Trabaja recibiendo la carga, no cosiendo la roca por dentro | Su espaciamiento se mide a luz interna, entre cuadro y cuadro | La cimbra es arco de acero de viga H, en dos cuerpos | Los tirantes de fierro corrugado la mantienen a su espaciamiento | Las planchas de unión empalman los dos cuerpos del arco | El espaciamiento entre cimbras va de un metro a metro y medio | La cimbra pide terreno preacondicionado antes de entrar a armarla | Guardacabeza en los dos: es lo que cubre el vacío del techo",oficial
C-EOM-SOST-S2-3,EOM-SOST-S2,IND-EOM-SOST-1,Lectura de la cartilla para saber qué soporte prefiere cada condición de labor,Cartilla geomecánica GSI,"La cartilla cruza calidad de roca con tipo y ancho de labor | A mejor roca, elementos más livianos y más espaciados | El cuadro de madera aparece cuando la roca ya no sostiene sola | La cimbra entra donde el cuadro de madera se queda corto | El shotcrete se suma al perno y la malla, no los reemplaza | Cada fila trae su elemento y su espaciamiento juntos | Un elemento sin su espaciamiento es media instrucción | La labor permanente y la temporal no leen la misma fila",oficial
C-EOM-SOST-S2-4,EOM-SOST-S2,IND-EOM-SOST-1,Diferencia entre un tramo que quedó firme y un tramo que cumple el estándar,Caso de la sesión,"Firme hoy no dice nada de cómo estará dentro de un año | El estándar fija espaciamiento y especificación, no la sensación del que instala | Un arco puesto al espaciamiento del cuadro no es una cimbra instalada | La recepción compara lo instalado con lo que manda la fila | Lo que no cumple se anota como no conforme, no se discute | El parte de instalación es la prueba de lo que se puso | Sin el espaciamiento anotado, el tramo no se puede recibir | Recibir mal un tramo lo deja fuera de control para siempre",oficial
C-EOM-SOST-S3-1,EOM-SOST-S3,IND-EOM-SOST-2,"Levantamiento de los tres datos de una celda: fracturas por metro cuadrado, condición superficial y agua",Cartilla geomecánica GSI · fotografías de frente con marco de un metro cuadrado,"La celda es un cuadro de un metro por lado | Se marca sobre la caja y se cuentan sus fracturas | Dos a cinco fracturas es roca levemente fracturada | Seis a once, moderadamente; doce a veinte, muy fracturada | Más de veinte fracturas es roca intensamente fracturada | La condición superficial se prueba con golpes de picota | Se rompe con tres o más golpes: condición buena | Se rompe con uno o dos golpes: condición regular | Se indenta menos de cinco milímetros: condición pobre | Se indenta más de cinco milímetros: condición muy pobre | El agua se anota como seco, goteo o flujo | Los tres datos se levantan en el mismo punto y fecha",oficial
C-EOM-SOST-S3-2,EOM-SOST-S3,IND-EOM-SOST-2,Ubicación de la casilla cruzando estructura con condición superficial,Cartilla geomecánica GSI,"La cartilla lleva la estructura en filas y la condición en columnas | El cruce de ambas da una casilla con nombre propio | La casilla se escribe como estructura sobre condición | Muy fracturada con condición pobre se anota MF sobre P | Sin los dos datos no hay casilla: no se estima | El agua no mueve la casilla, condiciona el elemento | La misma roca con más agua puede pedir otro sostenimiento | Ubicar la casilla es el paso que todo lo demás usa",oficial
C-EOM-SOST-S3-3,EOM-SOST-S3,IND-EOM-SOST-2,Mapeo por celdas a lo largo de una labor,Plano de galería con sus celdas mapeadas,"Una sola celda no describe ciento veinte metros de galería | Se mapea cada cierto avance, y se anota su metraje | Cada celda queda con su casilla y con su ubicación | Las celdas seguidas que dan lo mismo forman una zona | El mapeo se repite cuando la labor sigue avanzando | Un mapeo viejo describe una labor que ya no existe | El cuaderno de celdas es el registro que queda",oficial
C-EOM-SOST-S3-4,EOM-SOST-S3,IND-EOM-SOST-2,Delimitación de una zona: qué hace que el macizo cambie,Caso de la sesión,"La zona es el tramo del macizo que se comporta igual | El sostenimiento se pide por zona, no por galería entera | El límite cae donde cambia algo que la roca acusa | Una falla separa dos zonas aunque las celdas den lo mismo | Un contacto litológico cambia el macizo sin cambiar el conteo | La entrada de agua también parte la zona en dos | Dos celdas iguales con una falla en medio son dos zonas | Pedir para una galería entera deja tramos sin lo que piden",oficial
C-EOM-SOST-S4-1,EOM-SOST-S4,IND-EOM-SOST-2,Lectura de la calidad A-F y su banda de RMR a partir de la casilla GSI,Cartilla geomecánica GSI,"Cada casilla de la cartilla tiene su letra de calidad | La letra va de A, la mejor, hasta F, la peor | Cada letra trae su banda de RMR al costado | A es RMR de ochenta y uno a cien | B baja hasta sesenta y uno, y C hasta cincuenta y uno | D baja hasta cuarenta y uno, y E hasta veintiuno | F es toda roca con RMR por debajo de veinte | La letra es lo que se lleva a la tabla de sostenimiento",oficial
C-EOM-SOST-S4-2,EOM-SOST-S4,IND-EOM-SOST-2,Correspondencia entre las clases del RMR y las letras de la cartilla,Cuadro comparado de clases y letras,El RMR clásico agrupa la roca en cinco clases romanas | La Clase III cubre RMR de cuarenta y uno a sesenta | La cartilla parte ese mismo rango en dos letras | C es la mitad buena de la Clase III | D es la mitad mala de esa misma Clase III | Por eso la cartilla decide donde el informe agrupaba | Un informe en clases no se lleva directo a la fila | Hay que saber en qué mitad de la clase cae,propuesto
C-EOM-SOST-S4-3,EOM-SOST-S4,IND-EOM-SOST-2,Vigencia de un mapeo geomecánico y lo que lo envejece,Plano de avance con las fechas de mapeo,Un mapeo describe la labor el día en que se hizo | La labor avanza y el macizo que describe queda atrás | Cruzar una falla o un contacto invalida lo mapeado antes | La entrada de agua cambia la condición sin cambiar la roca | Un informe firmado no es lo mismo que un informe vigente | La fecha del mapeo pesa tanto como la firma | Ante la duda se vuelve a medir en el frente,propuesto
C-EOM-SOST-S4-4,EOM-SOST-S4,IND-EOM-SOST-2,Decisión sobre con qué dato se pide el material cuando dos fuentes discrepan,Caso de la sesión,"Dos fuentes que no coinciden obligan a elegir, no a promediar | Se elige la que describe la labor tal como está hoy | La elección se escribe y se sustenta, no se asume | Lo que se descarta también se anota, con su motivo | Mientras se regulariza la firma se sostiene por lo más desfavorable | El reglamento manda sostener de inmediato, no esperar el papel | Quien firma el pedido responde por el dato que usó",oficial
C-EOM-SOST-S5-1,EOM-SOST-S5,IND-EOM-SOST-2,Clasificación de una labor por su tipo y por su temporalidad,Esquema de labores de avance y de explotación,"Las labores de avance abren camino; las de explotación sacan mineral | El crucero, la galería, la rampa y el subnivel son avance | El tajeo es la labor de explotación por excelencia | Temporal es la labor que se cierra antes del año | Permanente es la que se queda mientras la mina opere | La galería principal y la cámara de bombeo son permanentes | Un crucero que muere con el bloque es temporal | La misma roca pide más sostenimiento si la labor se queda",oficial
C-EOM-SOST-S5-2,EOM-SOST-S5,IND-EOM-SOST-2,"Entrada a la cartilla con sus cuatro llaves: calidad, tipo de labor, ancho de minado y temporalidad",Cartilla geomecánica GSI,"La calidad sola no alcanza para entrar a la tabla | El tipo de labor decide cuál de las tablas se usa | El ancho de minado separa las columnas dentro de la tabla | Dos metros cuarenta es el corte que la cartilla usa | La temporalidad separa las labores de avance en dos grupos | El buzamiento entra solo cuando la labor es un tajeo | Faltando una llave, la fila que se lee es otra | Las cuatro se anotan antes de buscar el sostenimiento",oficial
C-EOM-SOST-S5-3,EOM-SOST-S5,IND-EOM-SOST-2,Registro del sostenimiento con su espaciamiento,Cartilla geomecánica GSI · estándar de la unidad,"La fila devuelve el elemento y su espaciamiento juntos | El espaciamiento de puntales y cuadros se mide a luz interna | El del perno lo fija el estándar de la unidad | El refuerzo, si lo hay, se anota en la misma línea | Un sostenimiento sin espaciamiento no se puede pedir ni instalar | Ese número es el que después convierte metros en cantidades | Se copia tal como está, sin ajustarlo en la labor",oficial
C-EOM-SOST-S5-4,EOM-SOST-S5,IND-EOM-SOST-2,Las labores que la cartilla remite a otro estándar: intersecciones e infraestructura permanente,Caso de la sesión · notas 7 y 8 de la cartilla,"La cartilla no cubre todas las labores de una mina | En una intersección remite al estándar de intersecciones | Ahí se cruzan dos secciones distintas y la luz crece | Los polvorines, refugios y comedores llevan estándar propio | La cámara de bombeo y las subestaciones también | Son labores de infraestructura, no de avance ni de explotación | Reconocer que la tabla no alcanza es parte del trabajo | Lo que la tabla no resuelve se consulta, no se inventa",oficial
C-EOM-SOST-S7-1,EOM-SOST-S7,IND-EOM-SOST-3,Caracterización de una labor de avance a partir del parte de mapeo,Cartilla geomecánica GSI · parte de mapeo,"El parte de mapeo trae los datos que la cartilla necesita | Fracturas por metro cuadrado, condición de picota y agua | Con esos tres se ubica la casilla y sale la calidad | La sección y el tipo de labor vienen del plano | El avance por disparo dice cuánto se sostiene por vez | La longitud pendiente dice cuánto tramo hay que pedir | Todo eso cabe en una hoja que se llena antes de pedir",oficial
C-EOM-SOST-S7-2,EOM-SOST-S7,IND-EOM-SOST-3,El estándar de la unidad: qué fija y dónde se lee,Estándar de sostenimiento de la unidad,"El estándar es el documento propio de cada mina | Fija el espaciamiento del perno y su longitud por sección | La cartilla remite a él cuando dice según estándar | No lo escribe el técnico: lo aprueba el área de geomecánica | Se actualiza cuando cambian las condiciones de la labor | Está publicado y se lee, no se recuerda de memoria | Dos minas distintas tienen estándares distintos para la misma sección",oficial
C-EOM-SOST-S7-3,EOM-SOST-S7,IND-EOM-SOST-3,La ficha de partida: los seis datos de los que salen todas las cantidades,Plantilla de la ficha de partida,"La ficha reúne en una hoja lo que el pedido necesita | Casilla GSI, calidad con su banda, tipo y sección de labor | Sostenimiento que corresponde, espaciamiento y longitud de perno | Ninguno de los seis se deduce después: se registra ahora | El espaciamiento es el que convierte metros en número de pernos | Un dato mal escrito acá se multiplica en todo el pedido | La ficha se firma: alguien responde por lo que dice",propuesto
C-EOM-SOST-S7-4,EOM-SOST-S7,IND-EOM-SOST-3,Por qué el espaciamiento del estándar no se cambia en la labor,Caso de la sesión,"El espaciamiento sale del cálculo de geomecánica, no del avance | Ampliarlo porque faltó material deja bloques sin coser | El reglamento obliga a mantenerse dentro de los parámetros calculados | Si el material no alcanza se pide, no se estira | Un espaciamiento cambiado en la labor no queda registrado en ninguna parte | La guardia siguiente hereda un tramo que cree sostenido | Cambiar el estándar es decisión de geomecánica, no de la guardia",oficial
C-EOM-SOST-S8-1,EOM-SOST-S8,IND-EOM-SOST-3,La cuña que puede desprenderse y su peso muerto,Guía de criterios geomecánicos de Osinergmin · figura del análisis de peso muerto,"La roca que cae no es el macizo entero, es una cuña | Su altura se estima como la mitad del ancho de la labor | Osinergmin la sitúa entre tres y cinco décimas del ancho | La cuña es un triángulo: alta en el centro, nula en las cajas | Su peso sale de media base por altura por la densidad | Se cuenta por cada metro de labor, no por toda la labor | Una labor de cinco metros cuelga unas veinte toneladas por metro | Ese peso es lo que la fila de pernos tiene que sostener",oficial
C-EOM-SOST-S8-2,EOM-SOST-S8,IND-EOM-SOST-3,Lo que aporta cada perno: el anclaje que queda pasada la cuña,Figura del análisis de peso muerto · tabla de adherencia y ruptura,"Un perno solo trabaja con lo que ancla fuera de la cuña | Lo que le queda dentro baja con ella y no sujeta nada | El del centro es el que menos ancla: ahí la cuña es más alta | Si la cuña lo pasa entero, ese perno aporta cero | Los de las cajas anclan casi todo su largo y aportan el máximo | Cada metro anclado da unas trece toneladas de adherencia | Ningún perno aporta más de lo que resiste su propio acero | La capacidad de la fila es la suma de lo que aporta cada uno",oficial
C-EOM-SOST-S8-3,EOM-SOST-S8,IND-EOM-SOST-3,El factor de seguridad y qué se cambia cuando no pasa,Escala de medidas comerciales de perno · esquema de la comprobación,"El factor de seguridad es la capacidad entre el peso muerto | En labor permanente tiene que pasar de uno coma cinco | En labor temporal basta con uno coma dos | Se parte proponiendo la medida comercial que pasa la cuña | Con esa propuesta se hace la cuenta y se mira el factor | Si no pasa, se alarga el perno antes que juntar más | Alargarlo suma anclaje en todos, sobre todo en el del centro | Un cálculo sin sus pasos escritos no lo puede revisar nadie",oficial
C-EOM-SOST-S8-4,EOM-SOST-S8,IND-EOM-SOST-3,"De dónde sale el estándar de la unidad, y qué se hace si la sección no figura",Caso de la sesión · estándar de la unidad · nota 1 de la cartilla,"El estándar de la unidad es este cálculo ya resuelto y redondeado | Por eso da longitudes por banda de sección, no por cada medida | Si la sección está en la tabla, se ejecuta sin comprobar nada | Si no está, se propone una longitud y se comprueba el factor | La cartilla remite: longitud según estándar por sección de labor | Lo propuesto se contrasta con lo que instalan minas de esa sección | Dos minas pueden pasar el factor con largos distintos",oficial
C-EOM-SOST-S9-1,EOM-SOST-S9,IND-EOM-SOST-3,El contorno que lleva sostenimiento y los pernos de una fila,Esquemas de sección con el contorno marcado · esquema de distribución de pernos,"El perímetro sostenido es el contorno por donde puede caer roca | Se cuentan el techo y las dos cajas, desarrollados | El piso no lleva perno: por ahí se transita | Sobre el piso andan el equipo cargado y la gente | Contar el contorno completo infla el pedido sin sostener más | Una fila es el anillo de pernos de una misma posición | El número sale de dividir el perímetro entre el espaciamiento | El resultado se redondea hacia arriba: no hay medio perno",oficial
C-EOM-SOST-S9-2,EOM-SOST-S9,IND-EOM-SOST-3,Cálculo del número de filas de un tramo y del total de pernos,Esquema del tramo con sus filas,"El número de filas sale de la longitud entre el espaciamiento | El tramo es lo que falta por sostener, no lo ya avanzado | El total de pernos es filas por pernos de una fila | El total se anota con la longitud de perno al costado | Sin la longitud, almacén despacha lo que tiene a mano | Los redondeos se hacen hacia arriba y se dejan a la vista | Un total sin su cuenta escrita no se puede revisar",oficial
C-EOM-SOST-S9-3,EOM-SOST-S9,IND-EOM-SOST-3,Metros cuadrados de malla: área del contorno y traslape,Fotografía de malla traslapada · ficha de la malla,"La malla cubre la misma superficie que llevan los pernos | El área sale del perímetro sostenido por la longitud del tramo | Pero las hojas no se ponen borde con borde | Cada hoja monta sobre la vecina una franja de traslape | El traslape se suma aparte, no se estima dentro del área | Sin traslape la malla cuadra en el papel y falta abajo | El área y el traslape se escriben en líneas separadas",oficial
C-EOM-SOST-S9-4,EOM-SOST-S9,IND-EOM-SOST-3,"Los accesorios de cada perno, y por qué un pedido exacto se queda corto","Caso de la sesión · ficha de platina, tuerca y cartuchos","Cada perno lleva su platina y su tuerca, sin excepción | La platina es plancha de veinte por veinte centímetros | La tuerca es esférica, para asentar contra roca irregular | El anclaje pide cartuchos, y la cantidad depende del largo | El de siete pies lleva dos resinas y cuatro cementos | Uno más corto lleva menos: la tabla no es la misma | El traslape de la malla es el otro descuido que más pesa | Cada línea del pedido debe poder explicarse en voz alta",oficial
C-EOM-SOST-S10-1,EOM-SOST-S10,IND-EOM-SOST-3,Qué se verifica en un perno instalado y con qué prueba,Fotografía de prueba de arranque · llave de torque,"El perno se verifica instalado, no en el almacén | La prueba de arranque mide si el anclaje resiste | Se hace sobre una muestra, no sobre todos los pernos | El torque se comprueba con llave, sobre la tuerca | La platina tiene que apoyar contra la roca, sin bailar | Un perno que gira con la mano no está anclado | La longitud de empotramiento se comprueba antes de tensar | Cada verificación se anota con su resultado, no de memoria",oficial
C-EOM-SOST-S10-2,EOM-SOST-S10,IND-EOM-SOST-3,Qué se verifica en un lanzado de shotcrete y con qué instrumento,Fotografía de medición de espesor · testigo,"El espesor se mide con testigo, en varios puntos del tramo | Un espesor menor al pedido no se compensa en otro punto | El rebote es el material que cae al piso sin pegar | De diez a quince por ciento es lo normal en vía húmeda | Mucho rebote delata distancia de lanzado o mezcla equivocada | Las probetas se toman cada cierto volumen lanzado | La resistencia se comprueba a los veintiocho días, en laboratorio | El espesor lo verifica quien recibe; la resistencia la informa el ensayo",oficial
C-EOM-SOST-S10-3,EOM-SOST-S10,IND-EOM-SOST-3,La obligación de registrar: qué exige el reglamento,"DS 024-2016-EM, art. 214 b)","El reglamento obliga a registrar ensayos y pruebas de control | El registro es mensual, no cuando se acuerde | Alcanza a no menos del uno por ciento de lo instalado | Ese porcentaje se cuenta sobre el sostenimiento del mismo periodo | Registrar no es archivar: es dejar el resultado escrito | Sin registro, un tramo verificado equivale a uno sin verificar | La fiscalización pide el registro, no el recuerdo del técnico",oficial
C-EOM-SOST-S10-4,EOM-SOST-S10,IND-EOM-SOST-3,Diferencia entre la conformidad del material y la conformidad de la instalación,Caso de la sesión,"El certificado del proveedor habla del material que vendió | Dice que el cemento alcanza su resistencia en laboratorio | No dice cuánto espesor se lanzó en esa labor | Ni si la platina del perno apoya contra la roca | La instalación se verifica en la labor, no en un papel | Un material conforme mal instalado no sostiene nada | El acta separa las dos cosas y dice quién responde",oficial
C-EOM-SOST-S11-1,EOM-SOST-S11,IND-EOM-SOST-3,Señales de que el terreno cambió después de sostenido,"Fotografías de perno flojo, realce de techo y chispeo","El terreno sigue trabajando después de instalado el sostenimiento | Un perno que gira con la mano perdió su anclaje | Los pernos partidos cerca de la cabeza avisan de carga | El realce del techo se mide contra la línea de topografía | El agua que antes era mancha y ahora corre es señal | La roca que chispea con la picota está relajándose | La malla intacta no prueba que el sostenimiento aguante | Las señales se leen juntas, no de una en una",propuesto
C-EOM-SOST-S11-2,EOM-SOST-S11,IND-EOM-SOST-3,Recaracterización del macizo y nueva calidad en la cartilla,Cartilla geomecánica GSI · ficha del mapeo original,"Recaracterizar es volver a levantar los tres datos de la celda | La casilla nueva se escribe al costado de la vieja | Comparar las dos muestra cuánto se movió la roca | La calidad nueva devuelve otra fila de la cartilla | Bajar de calidad casi siempre suma un elemento | El agua en flujo cambia el elemento aunque la roca aguante | Sin recaracterizar, un pedido nuevo repite el error viejo",oficial
C-EOM-SOST-S11-3,EOM-SOST-S11,IND-EOM-SOST-3,Corrección de un requerimiento ya emitido,Pedido anterior · estándar de la unidad,"Corregir no es pedir otra vez desde cero | Del pedido inicial, una parte sigue sirviendo y se mantiene | Otra parte ya no corresponde y se anula con su motivo | Lo que falta se pide de más, contra la fila nueva | Las tres cosas se escriben separadas, no en un solo total | Almacén necesita saber qué anular, no solo qué mandar | El pedido corregido lleva fecha y firma de quien lo hizo",oficial
C-EOM-SOST-S11-4,EOM-SOST-S11,IND-EOM-SOST-3,Qué se hace con el sostenimiento instalado que falló: reforzar o retirar,Caso de la sesión · nota 5 de la cartilla,"Lo instalado que falló no desaparece del problema | Reforzar encima suma elementos sobre un anclaje que ya cedió | La cartilla admite reforzar en zonas con eventos de relajamiento | Manda perno más malla al tope de la labor | Retirar y cambiar de sistema expone gente bajo roca suelta | Las dos salidas se defienden, y hay que decir con cuál fila | Antes de entrar se decide cómo se protege a quien entra | Lo que no se decide en oficina se improvisa en el frente",oficial
C-EOM-FMEQ-S1-1,EOM-FMEQ-S1,IND-EOM-FMEQ-1,Identificación de los componentes del tren de potencia de un equipo minero,Esquema del tren de potencia · imágenes de catálogo del minetruck,"El tren de potencia lleva la fuerza a la rueda | El motor entrega giro y par al primer componente | El convertidor de par acopla el motor sin embrague mecánico | La transmisión elige la relación entre giro y fuerza | El árbol de transmisión traslada el giro hasta el eje | El diferencial reparte el giro entre las dos ruedas | Los mandos finales hacen la última reducción en la rueda | Cada eslabón recibe de uno y entrega al siguiente | La cadena se recorre en orden, sin saltarse eslabones",oficial
C-EOM-FMEQ-S1-2,EOM-FMEQ-S1,IND-EOM-FMEQ-1,Reconocimiento de lo que cada componente le hace al giro y a la fuerza,Esquema comparado de marcha corta y marcha larga,Multiplicar par significa más fuerza y menos vueltas | El convertidor multiplica el par cuando el equipo arranca cargado | La transmisión cambia la relación según la marcha elegida | Marcha corta da más fuerza y menos velocidad | En rampa y cargado se pide la relación más corta | El diferencial permite que una rueda gire más que otra | Los mandos finales multiplican la fuerza justo antes de la rueda | La fuerza que llega al piso es la del último eslabón | Un eslabón que patina entrega menos de lo que recibe,oficial
C-EOM-FMEQ-S1-3,EOM-FMEQ-S1,IND-EOM-FMEQ-1,Lectura del síntoma según lo que hace el motor mientras el equipo no avanza,Fichas cortas con descripciones de operador,"Lo primero es preguntar qué hace el motor mientras no avanza | Un motor que se ahoga o se apaga está comprometido | Un motor que mantiene o sube vueltas está entregando | Si el motor entrega, la pérdida está más abajo | La carga y la pendiente revelan lo que el plano oculta | El mismo equipo puede caminar vacío y no cargado | El síntoma se describe, no se interpreta al primer vistazo",propuesto · Erick Salazar 2026-09-07
C-EOM-FMEQ-S1-4,EOM-FMEQ-S1,IND-EOM-FMEQ-1,Ubicación del eslabón que recibe y no entrega,Caso de la sesión,"Cada eslabón se revisa preguntando qué recibe y qué entrega | El eslabón que recibe y no entrega es donde se corta | Un solo síntoma no alcanza para nombrar el componente | Se reporta el eslabón, no la pieza interna del eslabón | Nombrar la pieza interna es trabajo del mecánico | El técnico dice dónde revisar y con qué evidencia | Un parte que nombra el componente equivocado cuesta semanas",propuesto · Erick Salazar 2026-09-07
C-EOM-FMEQ-S2-1,EOM-FMEQ-S2,IND-EOM-FMEQ-1,Identificación del recorrido del aceite y de los componentes del circuito hidráulico,Esquema del circuito · corte de un cilindro de doble efecto,"La bomba toma aceite del tanque y lo mueve | La válvula decide a qué lado del cilindro va el aceite | El cilindro convierte el aceite a presión en movimiento | El vástago sale cuando entra aceite por la cámara mayor | El aceite del otro lado retorna al tanque por el filtro | La válvula de alivio limita la presión máxima del circuito | El aceite no se comprime: por eso empuja y sostiene | Sin caudal no hay movimiento, sin presión no hay fuerza",oficial
C-EOM-FMEQ-S2-2,EOM-FMEQ-S2,IND-EOM-FMEQ-1;IND-EOM-FMEQ-4,Reconocimiento de lo que retiene la carga cuando el motor se apaga,Esquema de la válvula de retención con la carga arriba,"El motor apagado deja de dar caudal, no quita presión | La válvula de retención cierra y encierra el aceite | Ese aceite encerrado es lo que sostiene la carga | Esa presión que queda atrapada se llama energía residual | Apagar el equipo no lo deja sin energía almacenada | La energía sale por donde se abra primero el circuito | Aflojar una unión con carga arriba libera todo de golpe",oficial
C-EOM-FMEQ-S2-3,EOM-FMEQ-S2,IND-EOM-FMEQ-1,Relación entre la temperatura del aceite y la capacidad de sostener,Curva de viscosidad contra temperatura,El aceite caliente se vuelve más delgado y fluye más | Un aceite delgado pasa por holguras que en frío sella | Esa fuga interna hace que la carga baje sola | Bajar sola con la máquina apagada se llama deriva | La deriva prueba que el circuito todavía tiene presión | El enfriador mantiene el aceite en el rango del manual | Fuera de rango el circuito pierde fuerza y sella peor,oficial
C-EOM-FMEQ-S2-4,EOM-FMEQ-S2,IND-EOM-FMEQ-4,Secuencia para dejar el equipo sin energía retenida,Caso de la sesión,"Primero se baja la carga al piso si el equipo permite | Si no baja, se apoya sobre un soporte mecánico firme | Recién entonces se apaga y se corta el arranque | Se alivia la presión con el mando, no con la unión | Se bloquea y se señaliza antes de que alguien se acerque | El orden importa: aliviar después de abrir llega tarde | Quien bloquea es quien tiene la llave hasta terminar",propuesto · Erick Salazar 2026-09-07
C-EOM-FMEQ-S3-1,EOM-FMEQ-S3,IND-EOM-FMEQ-1,Identificación de los componentes críticos del scooptram y del minetruck,Cortes de catálogo de los dos equipos,"El scooptram carga y acarrea distancias cortas en interior | Su cuchara sube con los cilindros de levante gemelos | Los cilindros de volteo giran la cuchara para descargar | El minetruck traslada el material que el scooptram le carga | Su tolva sube con el cilindro de levante de tolva | Los dos tienen articulación central para doblar en curva | Los dos llevan tren de potencia, frenos y neumáticos | El freno de parqueo va aplicado por resorte en ambos",oficial
C-EOM-FMEQ-S3-2,EOM-FMEQ-S3,IND-EOM-FMEQ-1,Reconocimiento de la función de cada componente en la operación del equipo,Esquema de los cilindros y del circuito de frenos,Cada componente crítico tiene una función y un modo de fallar | El cilindro de levante sostiene la carga mientras está arriba | El cilindro de volteo controla el ángulo con que se descarga | La articulación central transmite el giro entre las dos mitades | El freno de parqueo sujeta el equipo detenido sin presión | El freno de servicio es el que detiene en movimiento | Crítico es el componente que detiene la actividad si falla,oficial
C-EOM-FMEQ-S3-3,EOM-FMEQ-S3,IND-EOM-FMEQ-1,Diferencia entre los componentes de un equipo de carguío y uno de acarreo,Cuadro comparado de las dos familias,"Un equipo de carguío levanta y voltea la carga | Un equipo de acarreo la traslada, no la levanta del piso | La cuchara con sus cilindros de volteo es del que carga | La tolva con su cilindro de levante es del que acarrea | Las dos familias comparten potencia, frenos y neumáticos | Lo que no comparten es lo que hacen con la carga | Confundir uno con otro cambia qué hay que revisar",oficial
C-EOM-FMEQ-S3-4,EOM-FMEQ-S3,IND-EOM-FMEQ-2,Correspondencia entre los componentes críticos y las líneas del formato de pre-uso,Caso de la sesión,"Cada componente crítico debe tener su línea en el formato | Una línea por componente, con qué se mira en ella | Un componente sin línea no se revisa nunca | Una línea sin componente se marca sin mirar nada | El formato se hace por equipo, no por flota entera | Un formato genérico deja huecos en los dos sentidos | Lo que el operador anota al margen debería tener casilla",propuesto · Erick Salazar 2026-09-07
C-EOM-FMEQ-S4-1,EOM-FMEQ-S4,IND-EOM-FMEQ-1,Identificación de los componentes críticos del jumbo frontonero,Esquema del brazo y de la viga de avance,"El jumbo perfora el frente para avanzar la labor | Su brazo posiciona la viga de avance sobre el frente | La perforadora de percusión golpea y gira la barra | El cabezal recibe el golpe y lo pasa a la barra | El agua sale por el centro y saca el detrito | Las gatas estabilizan el equipo mientras el brazo trabaja | El sistema hidráulico mueve brazo, viga y perforadora | Un brazo mal sujeto desvía el taladro y el disparo",oficial
C-EOM-FMEQ-S4-2,EOM-FMEQ-S4,IND-EOM-FMEQ-1,Identificación de los componentes críticos del simba de taladros largos,Esquema de la viga en posición vertical y del carrusel,El simba perfora taladros largos desde una sola posición | Su viga se para vertical o radial según el diseño | El carrusel guarda y entrega las barras una por una | Cada barra se enrosca a la anterior para seguir bajando | El taladro puede pasar de quince metros de largo | Las gatas sostienen el equipo con la viga levantada | El desvío del taladro crece con la profundidad perforada | Sin carrusel el simba no perfora un taladro largo,oficial
C-EOM-FMEQ-S4-3,EOM-FMEQ-S4,IND-EOM-FMEQ-1,Identificación de los componentes críticos del empernador de sostenimiento,Esquema del brazo de empernado y de la canastilla,El empernador instala el perno que sostiene la roca | Perfora el taladro y después coloca el perno | Su brazo lleva la perforadora y el cabezal de empernado | El carrusel de pernos los entrega uno por uno | La bomba inyecta la resina o el cemento del anclaje | La canastilla sube al operador hasta la altura del techo | Trabaja bajo roca que todavía no está sostenida | Es equipo de sostenimiento aunque su base sea perforadora,propuesto · Erick Salazar 2026-09-08
C-EOM-FMEQ-S4-4,EOM-FMEQ-S4,IND-EOM-FMEQ-2,Ajuste del formato de pre-uso cuando cambia el equipo,Caso de la sesión,"Dos equipos parecidos no comparten el mismo formato | Lo común se revisa igual: potencia, hidráulico y frenos | Lo propio de cada uno pide sus líneas nuevas | Un formato heredado deja sin revisar lo que desconoce | El tiempo del pre-uso delata si se revisó todo | Mismo tiempo en un equipo con más líneas es sospecha | La canastilla que sube personas exige sus propias líneas | Quien opera equipo nuevo revisa con el formato nuevo",propuesto · Erick Salazar 2026-09-08
C-EOM-FMEQ-S5-1,EOM-FMEQ-S5,IND-EOM-FMEQ-3,Identificación de las señales del tablero y de la inspección de pre-uso,Tablero de control rotulado · formato de pre-uso,"El tablero avisa con testigos de color y con alarmas | Un testigo rojo pide detener, uno ámbar pide atención | La presión de aceite de motor tiene su propio testigo | La temperatura del aceite hidráulico se lee en el tablero | El testigo de filtro avisa que el retorno está restringido | El pre-uso recoge lo que el tablero no muestra | El nivel del tanque solo se ve en el pre-uso | Tablero y pre-uso se leen juntos, no por separado",oficial
C-EOM-FMEQ-S5-2,EOM-FMEQ-S5,IND-EOM-FMEQ-3,Correspondencia entre cada señal y el sistema que la origina,Esquema de sistemas con sus testigos asociados,"Cada testigo pertenece a un sistema, no a la máquina | La presión de aceite de motor es del sistema de lubricación | La temperatura del aceite es del hidráulico y su enfriador | El filtro restringido también es del circuito hidráulico | El nivel bajo del tanque apunta al mismo circuito | Dos señales del mismo sistema no son dos fallas | Señales de sistemas distintos se reportan por separado",oficial
C-EOM-FMEQ-S5-3,EOM-FMEQ-S5,IND-EOM-FMEQ-3,Distinción entre la señal que detiene y la que se reporta,"Casos cortos de tablero, uno por señal",Hay señales que detienen y señales que se reportan | La que compromete la seguridad detiene sin discusión | La presión de aceite baja detiene el equipo siempre | La que degrada el rendimiento se reporta y se restringe | Un cuadro de varias señales pesa más que una | Que un testigo salga siempre no lo vuelve falso | Una señal que otra fuente confirma deja de ser dudosa,oficial
C-EOM-FMEQ-S5-4,EOM-FMEQ-S5,IND-EOM-FMEQ-4,Redacción del reporte al equipo de mantenimiento,Caso de la sesión,"El reporte dice qué se observó, no qué se supone | Se escribe la señal, el sistema y dónde se leyó | La medida tomada va escrita, no se sobrentiende | Lo que se reporta sin medida queda sin dueño | El reporte va al turno entrante y a mantenimiento | Un reporte sin fecha ni firma no prueba nada | Escribir la causa probable es trabajo del mecánico",propuesto · Erick Salazar 2026-09-07
C-EOM-FMEQ-S7-1,EOM-FMEQ-S7,IND-EOM-FMEQ-1,Identificación de los puntos de lubricación de un equipo minero,Plano de engrase del manual del equipo,Se engrasa donde una pieza gira o desliza sobre otra | Los pasadores de la pluma y del balde llevan grasa | Las bocinas de la articulación central también la llevan | La corona de giro es el punto más grande de todos | Los rodajes del mando final se lubrican con aceite | El motor y la transmisión llevan su propio aceite | Los puntos de grasa se listan en el manual del equipo | Cada punto tiene su frecuencia y su tipo de grasa,oficial
C-EOM-FMEQ-S7-2,EOM-FMEQ-S7,IND-EOM-FMEQ-1,Reconocimiento de lo que protege la lubricación en cada punto,Corte de un pasador con y sin película de grasa,La grasa separa las dos superficies que rozan entre sí | Sin película el metal toca metal y se desgasta | La grasa también sella la entrada de polvo y agua | Un pasador sin grasa se ovala y toma juego | El juego desalinea la pluma y castiga los cilindros | Una corona sin engrase se pica y luego se traba | El desgaste por falta de grasa no se recupera,oficial
C-EOM-FMEQ-S7-3,EOM-FMEQ-S7,IND-EOM-FMEQ-1,Diferencia entre la lubricación automática y la manual,"Esquema de la bomba, las líneas y el distribuidor",El sistema automático engrasa mientras el equipo está trabajando | Una bomba manda grasa a los puntos por líneas | El distribuidor reparte la dosis que toca a cada punto | No todos los puntos entran en el sistema automático | Los que quedan fuera se engrasan a mano y seguido | Una línea rota deja sin grasa solo a su punto | El automático no releva de revisar punto por punto,oficial
C-EOM-FMEQ-S7-4,EOM-FMEQ-S7,IND-EOM-FMEQ-2,Comprobación de que el sistema de engrase está dosificando,Caso de la sesión,Un depósito lleno no prueba que el sistema esté entregando | Lo que prueba es que el nivel baje con las horas | Un nivel que no baja en semanas indica que no dosifica | La grasa fresca en el punto es la otra prueba | Un punto seco con el sistema andando señala su línea | El pre-uso debe pedir nivel del depósito y su variación | Revisar el depósito y no los puntos deja el hueco,propuesto · Erick Salazar 2026-09-07
C-EOM-FMEQ-S8-1,EOM-FMEQ-S8,IND-EOM-FMEQ-1,Identificación de los componentes críticos del camión minero,Corte de catálogo del camión y de su suspensión,El camión traslada el mineral desde la pala al destino | La tolva sube con los cilindros de levante de tolva | La suspensión lleva nitrógeno y aceite en cada cilindro | Un cilindro bajo hace que el camión cargue desnivelado | Los frenos y la dirección son sus componentes de seguridad | Los neumáticos soportan la carga y marcan el desgaste | El tren de potencia lleva la fuerza del motor abajo | Cada componente tiene su condición y su forma de revisarse,oficial
C-EOM-FMEQ-S8-2,EOM-FMEQ-S8,IND-EOM-FMEQ-1,Identificación de los componentes críticos de la pala hidráulica,Corte de catálogo de la pala y del cucharón,La pala carga el material y lo pasa al camión | La pluma y el brazo se mueven con cilindros hidráulicos | La corona de giro permite girar la parte de arriba | El tren de rodamiento sostiene y desplaza toda la máquina | El cucharón lleva dientes que se desgastan y se cambian | Un diente suelto viaja con el material hasta el destino | Los pasadores de pluma y cucharón concentran el esfuerzo,oficial
C-EOM-FMEQ-S8-3,EOM-FMEQ-S8,IND-EOM-FMEQ-1,Reconocimiento de la condición en que se revisa cada componente,Cuadro de ítems con su condición de revisión,Cada componente se revisa en la condición que manda el manual | La altura de suspensión se mide con el equipo vacío | Con carga los cilindros se comprimen y ocultan la diferencia | Los frenos se prueban con el equipo detenido y en marcha | Los dientes se cuentan antes de empezar y al terminar | Revisar en la condición equivocada es no haber revisado | El pre-uso debe decir en qué condición se mira cada línea,oficial
C-EOM-FMEQ-S8-4,EOM-FMEQ-S8,IND-EOM-FMEQ-2,Correspondencia entre la falla de un componente y lo que arrastra aguas abajo,Caso de la sesión,Una falla no siempre se queda en su propio equipo | Un diente perdido viaja con el material hasta la chancadora | Una suspensión baja carga de más un lado del camión | El neumático de ese lado se desgasta antes que los otros | Lo que arrastra la falla decide a quién hay que avisar | El reporte va al área que recibe la consecuencia | Avisar tarde cuesta más que el componente mismo,propuesto · Erick Salazar 2026-09-07
C-EOM-FMEQ-S9-1,EOM-FMEQ-S9,IND-EOM-FMEQ-1,Identificación de los componentes críticos de la perforadora rotativa,Corte de catálogo de la perforadora y del mástil,"La perforadora rotativa abre los taladros del banco a voladura | El mástil sostiene la sarta y guía el avance | El cabezal rotatorio hace girar la sarta de barras | El compresor entrega el aire que limpia el taladro | Las gatas nivelan y sostienen la máquina mientras perfora | Los cables de izaje levantan y bajan el mástil | La broca tricónica corta la roca en el fondo | El circuito hidráulico mueve mástil, gatas y avance",oficial
C-EOM-FMEQ-S9-2,EOM-FMEQ-S9,IND-EOM-FMEQ-1,Reconocimiento de la función del aire de barrido en la perforación,Esquema del recorrido del aire y del detrito,El aire baja por el centro de la sarta | Sale por la broca y arrastra el detrito arriba | El detrito sube por fuera hasta el collar del taladro | Sin barrido el detrito se queda y se vuelve a moler | Moler dos veces lo mismo calienta y gasta la broca | El detrito acumulado puede llegar a trabar la sarta | El filtro sucio del compresor baja el caudal de aire,oficial
C-EOM-FMEQ-S9-3,EOM-FMEQ-S9,IND-EOM-FMEQ-1,"Relación entre el empuje, la rotación y el barrido",Cuadro de los tres parámetros y sus efectos,"Perforar bien es equilibrar empuje, rotación y aire | El empuje mete la broca contra la roca del fondo | La rotación hace que los conos corten al girar | El aire saca lo cortado para que no estorbe | Subir el empuje con poco aire fuerza la broca | La velocidad puede subir mientras la broca se destruye | Un parámetro compensado esconde el que está fallando",oficial
C-EOM-FMEQ-S9-4,EOM-FMEQ-S9,IND-EOM-FMEQ-2,Lectura de un indicador que mejora cuando el equipo empeora,Caso de la sesión,No todo indicador que sube significa que algo mejora | Avanzar más rápido puede ser la broca comiéndose sola | Un buen número se contrasta con lo que cuesta obtenerlo | Se mira siempre otro dato del mismo sistema | Menos detrito con más avance no cierra por ningún lado | El indicador se reporta con la condición en que salió | Un número sin su contexto lleva a la decisión contraria,propuesto · Erick Salazar 2026-09-07
C-EOM-FMEQ-S10-1,EOM-FMEQ-S10,IND-EOM-FMEQ-1,Identificación de los componentes del sistema de frenos de un volquete,Corte del freno de tambor y del circuito de aire,"El pedal manda aire al circuito de frenos del equipo | La cámara de freno empuja la varilla al recibir aire | La varilla mueve la leva que abre las zapatas | Las zapatas rozan contra el tambor y detienen la rueda | El freno de parqueo se aplica por resorte, no por aire | El compresor y el tanque guardan el aire del sistema | Las mangueras de enfriamiento cuidan el freno en bajada | Cada pieza tiene un límite que el manual declara",oficial
C-EOM-FMEQ-S10-2,EOM-FMEQ-S10,IND-EOM-FMEQ-1,Reconocimiento de cómo se comprueba cada componente en el pre-uso,Formato de pre-uso de frenos con su columna de método,"La fuga de aire se oye y baja la presión | El desgaste del tambor se mide, no se estima a ojo | La carrera de la varilla se mide con el freno aplicado | El estado de la manguera se ve buscando la malla | La prueba de frenado se hace rodando y en pendiente | Cada línea del formato dice con qué se comprueba | Sin método declarado cada uno revisa a su manera",oficial
C-EOM-FMEQ-S10-3,EOM-FMEQ-S10,IND-EOM-FMEQ-1;IND-EOM-FMEQ-3,"Distinción entre lo que se ve, lo que se prueba y lo que se mide",Cuadro de los tres métodos con ejemplos,"Lo que se ve son fugas, cortes y piezas sueltas | Lo que se prueba es que el equipo responda al mando | Lo que se mide necesita instrumento y valor de referencia | Un equipo puede pasar la prueba y no pasar la medida | Frenar donde siempre no dice cuánto margen queda | La medida es la única que anticipa la falla | Un pre-uso solo visual deja fuera lo que se mide",oficial
C-EOM-FMEQ-S10-4,EOM-FMEQ-S10,IND-EOM-FMEQ-3,Lectura del margen que le queda a un componente que todavía cumple,Caso de la sesión,"Un componente en el límite todavía cumple, pero sin margen | El límite del manual es donde se cambia, no donde falla | La carga y la pendiente consumen el margen que queda | Comparar con otro equipo igual muestra cuánto se gastó | Un componente al límite se reporta antes de que falle | Esperar a que falle es decidir por no decidir | El margen se dice con número, no con la palabra bien",propuesto · Erick Salazar 2026-09-07
C-EOM-FMEQ-S11-1,EOM-FMEQ-S11,IND-EOM-FMEQ-2,Diferencia entre el mantenimiento preventivo y el programado,"Cartilla del equipo y programa de la unidad, lado a lado",El preventivo lo manda el fabricante por horas o frecuencia | Se identifica con la sigla PM y su número de horas | El programado es lo que la unidad planificó para el periodo | Dentro del programado entra el preventivo que toca ahora | También entra el correctivo que ya fue planificado antes | Los dos se cumplen o no se cumplen por separado | Estar al día en uno no dice nada del otro,oficial
C-EOM-FMEQ-S11-2,EOM-FMEQ-S11,IND-EOM-FMEQ-2,Identificación del documento que prueba cada mantenimiento,Cartilla firmada y programa semanal,La cartilla del equipo prueba el preventivo con su fecha | Lleva la firma de quien lo hizo y el horómetro | El programa de la unidad prueba lo planificado del periodo | Muestra la fecha prevista y si el trabajo se ejecutó | Un trabajo que reaparece semana a semana no se ejecutó | Cada documento prueba una cosa y solo esa | Pedir uno y no el otro deja media verificación,oficial
C-EOM-FMEQ-S11-3,EOM-FMEQ-S11,IND-EOM-FMEQ-2,Lectura del horómetro contra la frecuencia de la cartilla,Cartilla con horómetro y frecuencia declarada,"La cartilla dice cada cuántas horas toca cada servicio | El horómetro dice cuántas lleva el equipo ahora | La diferencia entre los dos es lo que falta o sobra | Pasado el intervalo el servicio está vencido, no pendiente | Un preventivo vencido no se ve mirando la máquina | La fecha sola no basta: manda el horómetro | Anotar el horómetro en cada pre-uso hace visible el vencimiento",oficial
C-EOM-FMEQ-S11-4,EOM-FMEQ-S11,IND-EOM-FMEQ-4,Seguimiento de un trabajo programado que se reprograma,Caso de la sesión,"Un trabajo que se reprograma tres veces ya es un hallazgo | Se reporta el trabajo, la fecha original y las veces | Lo que el operador viene anotando sostiene el reporte | Una anotación repetida en el cuaderno vale como evidencia | El reporte va a mantenimiento y al turno entrante | Decidir la prioridad del trabajo no le toca al técnico | Al técnico le toca que el trabajo deje de ser invisible",propuesto · Erick Salazar 2026-09-07
C-EOM-EQPERF-S1-1,EOM-EQPERF-S1,IND-EOM-EQPERF-1,Los cuatro elementos de la perforación y lo que aporta cada uno,"Esquema del ciclo de perforación: golpe, giro, empuje y barrido",La percusión rompe la roca en el fondo del taladro | La rotación hace que el siguiente golpe caiga sobre roca nueva y no sobre el mismo punto | El empuje mantiene la broca en contacto con el fondo | El barrido saca el detrito para que la broca golpee roca y no su propio ripio,propuesto
C-EOM-EQPERF-S1-2,EOM-EQPERF-S1,IND-EOM-EQPERF-1,Cómo actúan los cuatro juntos en cada ciclo,Secuencia animada o en viñetas del ciclo golpe-giro-limpieza,"Los cuatro ocurren a la vez, no por turnos | Un golpe sin giro repica sobre la misma huella | Un giro sin empuje no muerde | Empuje y golpe sin barrido trabajan sobre detrito acumulado",propuesto
C-EOM-EQPERF-S1-3,EOM-EQPERF-S1,IND-EOM-EQPERF-1,Los síntomas que deja cada falla en el taladro y en el acero,"Fotografía de detrito grueso húmedo junto a detrito fino, y broca con botones aplastados",Detrito fino y caliente: el barrido no está sacando el ripio | El avance cae de forma progresiva conforme el taladro se hace más profundo | La barra que cuesta y termina trabada | Botones aplastados: golpe sin penetración,oficial
C-EOM-EQPERF-S1-4,EOM-EQPERF-S1,IND-EOM-EQPERF-1,"El acoplamiento: cuando falla uno, arrastra a los otros",Esquema de dependencias entre los cuatro elementos,"Si el detrito no sale, la broca deja de morder y la rotación se frena | Si la rotación se frena, el empuje clava la sarta | Por eso un mismo síntoma admite más de una lectura | Y por eso el diagnóstico se apoya en varios indicios, no en uno",propuesto
C-EOM-EQPERF-S2-1,EOM-EQPERF-S2,IND-EOM-EQPERF-1,Los grupos de taladros del frente y la función de cada uno,Cartilla de malla de frente con los grupos rotulados,"Alivio: taladro de mayor diámetro que va vacío y da cara libre | Arranque: rompe primero, hacia el alivio | Ayudas: amplían la abertura hacia afuera | Contorno -corona y hastiales-: definen la sección | Arrastre: levanta el material y deja el piso a nivel",oficial
C-EOM-EQPERF-S2-2,EOM-EQPERF-S2,IND-EOM-EQPERF-1,Por qué el arranque necesita alivios,Esquema de cara libre en un frente subterráneo,"En un frente hay una sola cara libre: la cara del propio frente | La roca confinada no tiene hacia dónde desplazarse | El alivio crea ese espacio antes del disparo | Sin alivios suficientes, el arranque no sale y quedan taladros cargados",oficial
C-EOM-EQPERF-S2-3,EOM-EQPERF-S2,IND-EOM-EQPERF-1,Longitud y taco según la posición del taladro,Cuadro de tacos por grupo del estándar de la labor,El taco es el tramo sin carga en la boca del taladro | En el contorno el taco es largo: menos energía contra la caja | En el arrastre el taco es corto: hace falta carga en el fondo para levantar | Cargar el contorno como el arranque daña la caja,oficial
C-EOM-EQPERF-S2-4,EOM-EQPERF-S2,IND-EOM-EQPERF-1,Qué defecto del disparo delata a cada grupo,"Fotografías de corona dentada, taladros sin salir y piso alto",Corona dentada o sobre-rotura: contorno mal cargado | Taladros del centro sin salir: falta de cara libre en el arranque | Piso alto: arrastre que no levantó | Cada defecto se lee hacia atrás hasta su grupo,oficial
C-EOM-EQPERF-S3-1,EOM-EQPERF-S3,IND-EOM-EQPERF-2,Partes y componentes de la perforadora neumática manual,Despiece de catálogo de perforadora neumática manual,Pistón accionado por aire comprimido: da el golpe | Barra estriada y trinquete: convierten el retroceso del pistón en giro | Pata de avance neumática: sostiene y empuja | Conductos de aire y agua hacia el interior de la barra,oficial
C-EOM-EQPERF-S3-2,EOM-EQPERF-S3,IND-EOM-EQPERF-2,Partes y componentes del jumbo electrohidráulico,Despiece de catálogo de jumbo de dos brazos,"Martillo hidráulico: percusión regulable | Motor hidráulico de rotación, independiente del golpe | Deslizadera con cadena: da el avance | Brazo que posiciona | Bomba de agua para el barrido",oficial
C-EOM-EQPERF-S3-3,EOM-EQPERF-S3,IND-EOM-EQPERF-2,"Los cuatro sistemas, resueltos con piezas distintas en cada máquina",Cuadro de equivalencia de sistemas entre las dos máquinas,Percusión: pistón neumático frente a martillo hidráulico | Rotación: barra estriada y trinquete frente a motor hidráulico | Avance: pata frente a cilindro y cadena | Barrido: aire y agua por el interior de la barra en ambas,oficial
C-EOM-EQPERF-S3-4,EOM-EQPERF-S3,IND-EOM-EQPERF-2,Rotación dependiente y rotación independiente del golpe,Esquema del mecanismo de rotación por barra estriada,En la neumática la barra gira porque el pistón retrocede: sin golpe no hay giro | En el jumbo la rotación tiene su propio motor y se regula aparte | Por eso en la neumática no existe un motor de rotación que cambiar | Y por eso los parámetros se ajustan distinto en una y en otra,propuesto
C-EOM-EQPERF-S4-1,EOM-EQPERF-S4,IND-EOM-EQPERF-2,"La sarta del frente: culatín, barra y broca",Fotografías de catálogo de las tres piezas acopladas,El culatín recibe el golpe de la máquina y lo entrega a la barra | La barra conduce golpe y rotación hasta el fondo | La broca rompe la roca | Las tres se acoplan por hilo y trabajan como una sola pieza,oficial
C-EOM-EQPERF-S4-2,EOM-EQPERF-S4,IND-EOM-EQPERF-2,Las medidas de cada acero,Ficha técnica de aceros de perforación,"La barra se pide en pies y se calcula en metros | El diámetro de la broca define el diámetro del taladro | La broca escariadora abre el alivio, de mayor diámetro | El culatín corresponde al modelo de máquina, no es intercambiable",oficial
C-EOM-EQPERF-S4-3,EOM-EQPERF-S4,IND-EOM-EQPERF-2,Qué acero corresponde a cada máquina y a cada longitud de taladro,"Cuadro de correspondencia entre barra, taladro y máquina",El taladro nunca alcanza el largo total de la barra | Con barra corta no hay forma de llegar al estándar de la labor | La máquina manda sobre el culatín; la longitud del taladro manda sobre la barra | Un juego mezclado produce taladros de distinta profundidad en el mismo frente,oficial
C-EOM-EQPERF-S4-4,EOM-EQPERF-S4,IND-EOM-EQPERF-2,El taladro de alivio va vacío,Esquema de arranque con alivios y fotografía de broca escariadora,La escariadora no está para romper: abre el taladro que queda sin carga | Ese taladro es el espacio hacia donde rompe el arranque | Devolverla porque no avanza es no entender su trabajo | Sin escariadora no se perfora el alivio y el arranque falla,oficial
C-EOM-EQPERF-S5-1,EOM-EQPERF-S5,IND-EOM-EQPERF-3,"La secuencia de la maniobra, de la entrada al primer taladro",Diagrama de la secuencia con sus siete pasos,Ventilación restablecida antes de entrar | Regado del frente y las cajas | Desatado de techo y hastiales con barretilla | Revisión del frente buscando tiros cortados | Posicionamiento y fijación de la máquina | Emboquillado | Perforación al avance,oficial
C-EOM-EQPERF-S5-2,EOM-EQPERF-S5,IND-EOM-EQPERF-3,El emboquillado y por qué se empieza suave,Esquema de emboquillado en la cara del frente,Al inicio la broca no tiene apoyo y se va con facilidad | Con presión reducida el taladro toma su posición | Recién tomado se pasa a la presión de trabajo | Un emboquillado apurado deja el taladro fuera de su punto,oficial
C-EOM-EQPERF-S5-3,EOM-EQPERF-S5,IND-EOM-EQPERF-3,"Las condiciones que la labor debe cumplir, y quién las verifica",Cartilla de verificación de condiciones de la labor,"Las verifica el que va a perforar, en el frente | El reporte del turno saliente informa, no exime | La herramienta de desate tiene que estar en la labor, no en otro nivel | Las condiciones se comprueban antes de que la máquina toque el frente",oficial
C-EOM-EQPERF-S5-4,EOM-EQPERF-S5,IND-EOM-EQPERF-3,Cómo se busca un tiro cortado,Fotografía de taladro con residuo de carga al fondo,"Se revisa taladro por taladro, no a la vista desde lejos | Se busca pasta o resto de carga en el fondo | Se marca y se avisa: no se perfora al lado ni encima | Un tiro cortado no anunciado en el reporte igual puede estar ahí",oficial
C-EOM-EQPERF-S6-1,EOM-EQPERF-S6,IND-EOM-EQPERF-3,Traslado y posicionamiento del jumbo,Procedimiento de traslado y esquema de posición en el frente,"Velocidad máxima respetada, circulina y claxon en curvas | Ayudante adelante alertando al personal | Zona delimitada detrás del equipo | Equipo centrado respecto del eje de la labor",oficial
C-EOM-EQPERF-S6-2,EOM-EQPERF-S6,IND-EOM-EQPERF-3,El paralelismo de los taladros y cómo se mantiene,Fotografía de guías de madera colocadas en el frente,"Las guías se colocan para que los taladros salgan paralelos | La deslizadera debe quedar perpendicular al frente | Sin guías el abanico se abre sin que el operador lo note | El paralelismo se verifica antes de perforar, no después de disparar",oficial
C-EOM-EQPERF-S6-3,EOM-EQPERF-S6,IND-EOM-EQPERF-3,Las presiones de aire y agua del manual,Ficha de parámetros de operación del equipo,"El agua trabaja en un rango: por debajo, el barrido no limpia | Aire y agua tienen efecto directo sobre la vida del acero | La válvula cerrada porque salpica es una decisión que se paga en brocas | Los valores se leen del manual, no se estiman",oficial
C-EOM-EQPERF-S6-4,EOM-EQPERF-S6,IND-EOM-EQPERF-3,Qué se desvía en la labor cuando se pierde el paralelismo,Plano de sección de diseño contra sección real,La sección crece disparo a disparo y el diseño ya no se cumple | Más metros perforados por metro de avance | Más explosivo por frente | Más sostenimiento por metro y más desmonte que limpiar,oficial
C-EOM-EQPERF-S7-1,EOM-EQPERF-S7,IND-EOM-EQPERF-4,Metros perforados por disparo y por metro de avance,Formato de cálculo con la fórmula impresa,"Los metros por disparo son taladros por longitud | El avance efectivo es menor que la longitud perforada | Metros perforados por metro de avance dice cuánta perforación cuesta cada metro ganado | Con la misma malla, el indicador cambia solo si cambia el avance",oficial
C-EOM-EQPERF-S7-2,EOM-EQPERF-S7,IND-EOM-EQPERF-4,"La vida útil del acero, medida en metros",Registro de consumo de aceros del período,"La vida se expresa en metros perforados por pieza | Se calcula dividiendo los metros del período entre las piezas consumidas | Es un promedio del período, no de un día | Dos frentes con la misma malla pueden tener vidas muy distintas",oficial
C-EOM-EQPERF-S7-3,EOM-EQPERF-S7,IND-EOM-EQPERF-4,Las dos vías por las que se encarece el metro,Cuadro comparativo de dos frentes,Perforar de más: más metros por cada metro de avance | Gastar de más: menos metros por cada acero | Las dos pueden ocurrir a la vez en el mismo frente | Separarlas dice dónde hay que actuar,propuesto
C-EOM-EQPERF-S7-4,EOM-EQPERF-S7,IND-EOM-EQPERF-4,Qué revisan la inspección de pre-uso y el mantenimiento,Cartilla de pre-uso del equipo,Presión de aire y de agua al inicio de guardia | Estado de la broca y del hilo de la barra | Disponibilidad de afilado | Una casilla sin marcar no dice que esté mal: dice que nadie miró,oficial
C-EOM-EQPERF-S8-1,EOM-EQPERF-S8,IND-EOM-EQPERF-1,Anatomía del tajeo de taladros largos,Isométrico de sublevel stoping con sus niveles,Subnivel superior e inferior: desde ahí se perfora | Cara libre o slot: el espacio hacia donde rompe el primer disparo | Nivel de extracción: por donde sale el mineral | El tajeo se habilita antes de que entre el equipo,propuesto
C-EOM-EQPERF-S8-2,EOM-EQPERF-S8,IND-EOM-EQPERF-1,Por qué el primer disparo necesita cara libre y cómo se crea,Esquema de creación del slot,"La roca confinada por todos lados no se desplaza | La cara libre se construye antes, no en paralelo al primer disparo | Se ejecuta en toda la altura, no a medias | Sin ella el disparo no rompe y se pierde la fila",propuesto
C-EOM-EQPERF-S8-3,EOM-EQPERF-S8,IND-EOM-EQPERF-1,La secuencia en retirada,Esquema de orden de disparo de filas,Se rompe desde el fondo hacia el acceso | El equipo nunca queda debajo ni delante de lo ya volado | Cada fila usa como cara libre lo que dejó la anterior | Invertir la secuencia deja al equipo del lado equivocado,oficial
C-EOM-EQPERF-S8-4,EOM-EQPERF-S8,IND-EOM-EQPERF-1,Frente y tajeo: qué cambia y qué no,Cuadro comparativo frente contra tajeo,Cambia dónde está la cara libre y quién la crea | Cambia la dirección: hacia adelante contra en abanico desde un subnivel | Cambia la longitud del taladro | No cambian los cuatro elementos de la perforación,propuesto
C-EOM-EQPERF-S9-1,EOM-EQPERF-S9,IND-EOM-EQPERF-2,Partes y componentes del equipo de taladros largos,Despiece de catálogo del equipo,Brazo que orienta la perforación en todo el abanico | Carrusel o cambiador de barras | Motor de rotación y sistema de avance | Estabilizadores que fijan el equipo al piso y al techo,oficial
C-EOM-EQPERF-S9-2,EOM-EQPERF-S9,IND-EOM-EQPERF-2,El carrusel y el encadenado de barras,Esquema de acople de barras de extensión,La sarta se arma barra por barra durante la perforación | El carrusel guarda las barras y las presenta | La capacidad del carrusel decide cuánto se perfora sin recargar | Un jumbo de frente perfora la longitud de una sola barra,oficial
C-EOM-EQPERF-S9-3,EOM-EQPERF-S9,IND-EOM-EQPERF-2,El giro del brazo y el abanico,Esquema de abanico con taladros positivos y negativos,"Desde una sola posición se cubren taladros hacia arriba y hacia abajo | El brazo recorre el abanico completo | La deslizadera de un jumbo de frente no cubre ese recorrido | Cada taladro se orienta contra el diseño, no a ojo",oficial
C-EOM-EQPERF-S9-4,EOM-EQPERF-S9,IND-EOM-EQPERF-2,Por qué la rigidez importa a longitudes largas,Esquema de estabilizadores apoyados,"Cualquier movimiento del equipo se multiplica al fondo del taladro | Los estabilizadores fijan la máquina antes de perforar | Un apoyo flojo se traduce en desviación | La rigidez es parte del parámetro, no del confort",propuesto
C-EOM-EQPERF-S10-1,EOM-EQPERF-S10,IND-EOM-EQPERF-3,Posicionamiento y nivelación contra el diseño del abanico,Diseño de abanico y ficha de posicionamiento,"La posición del equipo se toma del diseño, no del piso | La orientación de cada taladro se verifica antes de perforar | Nivelar y estabilizar es parte de la maniobra | Un grado de error en el collar son metros al fondo",oficial
C-EOM-EQPERF-S10-2,EOM-EQPERF-S10,IND-EOM-EQPERF-3,El emboquillado con presión de avance reducida,Cuadro de rangos de presión del manual,Al inicio la broca no tiene apoyo | Con presión reducida el taladro toma su posición | Arrancar con la presión de trabajo desvía el taladro desde el primer metro | El rango del emboquillado está en el manual del equipo,oficial
C-EOM-EQPERF-S10-3,EOM-EQPERF-S10,IND-EOM-EQPERF-3,"La presión de plena perforación, y qué pasa por debajo",Registro de presión de avance de un taladro,Una vez tomado el taladro se sube a la presión de trabajo | Por debajo de ese rango la broca deja de penetrar | Trabajando en vacío el acero se calienta y vuelve quemado | El mismo parámetro mal usado rompe cosas distintas según el momento,oficial
C-EOM-EQPERF-S10-4,EOM-EQPERF-S10,IND-EOM-EQPERF-3,El cambio de barras,Fotografía de acople y engrase de hilos,"Cada barra que entra se limpia y se engrasa en el hilo | Un hilo seco se agarrota y termina en rosca dañada o barra perdida | El acople es un paso de la maniobra, no una pausa | Se repite tantas veces como barras lleve el taladro",oficial
C-EOM-EQPERF-S11-1,EOM-EQPERF-S11,IND-EOM-EQPERF-2,La sarta larga y sus piezas,"Fotografías de catálogo de shank, barra de extensión y broca",El shank recibe el golpe de la máquina | Las barras de extensión se van sumando | La broca de botones rompe en el fondo | Todas se acoplan por hilo y forman una sola columna,oficial
C-EOM-EQPERF-S11-2,EOM-EQPERF-S11,IND-EOM-EQPERF-2,El sistema casing y el tubo guía,Esquema de instalación del sistema casing,"Se perfora primero un taladro guía de mayor diámetro | Se instala el tubo, que sobresale unos centímetros | Se continúa perforando con la broca de trabajo | El tubo alinea la sarta y evita que el detrito vuelva al taladro",oficial
C-EOM-EQPERF-S11-3,EOM-EQPERF-S11,IND-EOM-EQPERF-2,Las firmas de desgaste y su causa,Guía de evaluación de desgaste del fabricante,Botones aplastados: golpe sin penetración | Faldón quemado: trabajo en vacío o barrido insuficiente | Hilo comido: falta de engrase en el acople | Desgaste parejo con botones al ras: vida cumplida,oficial
C-EOM-EQPERF-S11-4,EOM-EQPERF-S11,IND-EOM-EQPERF-2,Tres orígenes distintos para una pieza devuelta,Formato de informe de devolución,Vida cumplida: la pieza hizo su trabajo | Fuera de parámetro: el daño lo produjo la operación | Defecto de fabricación: el material no correspondía | Solo el tercero sostiene un reclamo al proveedor,propuesto
C-EOM-EQPERF-S12-1,EOM-EQPERF-S12,IND-EOM-EQPERF-1,Disposición paralela y disposición en abanico,Esquemas comparados de las dos disposiciones,En paralela los taladros guardan la misma separación en toda su longitud | En abanico salen de un punto común y se abren | La paralela exige más posiciones de equipo | El abanico cubre más desde una sola posición,oficial
C-EOM-EQPERF-S12-2,EOM-EQPERF-S12,IND-EOM-EQPERF-1,Taladros positivos y negativos,Sección de tajeo con el subnivel y el cuerpo,Positivos: hacia arriba desde el subnivel | Negativos: hacia abajo | La proporción depende de dónde esté el cuerpo respecto del subnivel | El sentido cambia el manejo de la sarta y del detrito,oficial
C-EOM-EQPERF-S12-3,EOM-EQPERF-S12,IND-EOM-EQPERF-1,Burden y espaciamiento a lo largo del taladro,Esquema de abanico con separaciones acotadas en collar y fondo,En el collar los taladros están juntos | Hacia el fondo se separan | El espaciamiento del abanico no es un solo número | Por eso un abanico rompe distinto cerca y lejos del subnivel,propuesto
C-EOM-EQPERF-S12-4,EOM-EQPERF-S12,IND-EOM-EQPERF-1,La forma del cuerpo manda sobre la disposición,Dos secciones geológicas: veta tabular y cuerpo irregular,"Sobre veta angosta y regular, el abanico sale de la veta hacia los extremos | Sobre cuerpo ancho e irregular, la paralela deja bordes sin cubrir | Se estandariza el procedimiento, no la geometría | El diseño se hace contra la sección, no contra la costumbre",oficial
C-EOM-EQPERF-S13-1,EOM-EQPERF-S13,IND-EOM-EQPERF-4,El rendimiento de la máquina y las horas por cien metros,Formato de cálculo de rendimiento,"Metros por hora se obtiene de metros y tiempo efectivo | Las horas por cada cien metros dicen cuánta máquina cuesta esa perforación | Con el mismo equipo, dos filas pueden diferir al doble | El rendimiento se lee del parte, no de la impresión del turno",oficial
C-EOM-EQPERF-S13-2,EOM-EQPERF-S13,IND-EOM-EQPERF-4,La desviación: cómo se mide y cuál es el límite,Inclinómetro y registro de desviación,"Se mide con inclinómetro, taladro por taladro | La unidad fija un límite máximo admitido | A mayor longitud, mayor desviación acumulada | Medir una parte de los taladros no autoriza a hablar de toda la fila",oficial
C-EOM-EQPERF-S13-3,EOM-EQPERF-S13,IND-EOM-EQPERF-4,Qué se pierde cuando la desviación pasa del límite,Esquema de taladro desviado saliendo del cuerpo,Mineral que no se rompe y queda en la caja | Dilución cuando el taladro entra en la caja | Metros reperforados que se pagan dos veces | Bolones en el punto de extracción que obligan a voladura secundaria,oficial
C-EOM-EQPERF-S13-4,EOM-EQPERF-S13,IND-EOM-EQPERF-4,Dónde se corrige lo que quedó adherido a la caja,Esquema de corrección del contorno en la fila siguiente,"Al tajeo vacío no se vuelve a entrar: es zona restringida | Lo adherido se recupera con el disparo de la fila siguiente | La corrección es de diseño: acercar el contorno, bajar el burden, agregar recorte | La voladura secundaria queda para el punto de extracción",propuesto
C-EOM-EQPERF-S16-1,EOM-EQPERF-S16,IND-EOM-EQPERF-1,Anatomía del banco,Esquema de banco acotado,"Altura de banco y plataforma de perforación | Cara o talud, que es la superficie expuesta | Cresta arriba y pie abajo | El taladro se perfora desde la plataforma hacia abajo",propuesto
C-EOM-EQPERF-S16-2,EOM-EQPERF-S16,IND-EOM-EQPERF-1,Las dos caras libres del banco,Esquema comparado de frente subterráneo y banco,En el banco existen dos caras libres desde el inicio: la plataforma y el talud | Ninguna hay que fabricarla | Por eso el banco no lleva taladros de alivio | La roca tiene hacia dónde desplazarse y la gravedad ayuda,propuesto
C-EOM-EQPERF-S16-3,EOM-EQPERF-S16,IND-EOM-EQPERF-1,La sobreperforación,Esquema de banco con la cota del piso y el fondo del taladro,El taladro pasa por debajo de la cota del piso | Sin ese tramo la energía del fondo no corta el piso | Se dimensiona en función del burden | Su falta deja pie de banco y piso irregular para el banco siguiente,oficial
C-EOM-EQPERF-S16-4,EOM-EQPERF-S16,IND-EOM-EQPERF-1,Qué cambia y qué no respecto de la subterránea,Cuadro comparativo subterránea contra superficial,Cambia dónde está la cara libre y quién la crea | Cambia la dirección del taladro y el diámetro habitual | Cambia el papel de la gravedad | No cambian los cuatro elementos de la perforación,propuesto
C-EOM-EQPERF-S17-1,EOM-EQPERF-S17,IND-EOM-EQPERF-1,Los parámetros geométricos del banco,Esquema de malla de banco acotada,Burden: distancia de la fila a la cara libre | Espaciamiento: separación entre taladros de la misma fila | Altura de banco y diámetro del taladro | Taco y sobreperforación completan el diseño,oficial
C-EOM-EQPERF-S17-2,EOM-EQPERF-S17,IND-EOM-EQPERF-1,Cómo se lee la hoja de mallas de la mina,Hoja de mallas por tipo de terreno,"Cada fila de la hoja corresponde a un terreno, no a un gusto | La malla trae su burden y su espaciamiento | Topografía replantea en campo lo que la hoja define | La elección se justifica con la caracterización del terreno",oficial
C-EOM-EQPERF-S17-3,EOM-EQPERF-S17,IND-EOM-EQPERF-1,Los dos criterios que operan a la vez,Cuadro de mallas ordenado por dureza y por condición de cresta,"Cuanto más dura la roca, más cerrada la malla | Una cresta muy fracturada también exige malla cerrada, aunque no sea dura | En ese caso lo que se cuida es la pared y la proyección | Confundir fracturado con blando abre la malla justo donde había que cerrarla",propuesto
C-EOM-EQPERF-S17-4,EOM-EQPERF-S17,IND-EOM-EQPERF-1,Qué se ajusta con carga y qué solo con geometría,Cuadro de ajustes posibles,La cantidad de explosivo por taladro se ajusta según el terreno | La geometría no se compensa con carga | Un burden mayor del que la roca tolera deja bolón | La sobreperforación cambia si cambia el burden,propuesto
C-EOM-EQPERF-S18-1,EOM-EQPERF-S18,IND-EOM-EQPERF-2,Cómo rompe cada familia de equipos,"Esquemas de percusión en cabeza, martillo de fondo y rotación","Percusión en cabeza: el golpe se genera arriba y viaja por la barra | Martillo de fondo: el golpe se genera junto a la broca | Rotativa: no hay golpe, la broca corta por peso y giro | Por eso la rotativa necesita ser pesada",oficial
C-EOM-EQPERF-S18-2,EOM-EQPERF-S18,IND-EOM-EQPERF-2,Las partes de cada equipo,Despieces de catálogo de las tres familias,"Martillo, cabezal rotativo y sarta | Mástil que sostiene y da la inclinación | Sistema de empuje sobre la broca | Compresor para el aire de barrido",oficial
C-EOM-EQPERF-S18-3,EOM-EQPERF-S18,IND-EOM-EQPERF-2,Rango de diámetro y de profundidad de cada familia,Fichas técnicas comparadas,"Cada familia trabaja en un rango de diámetro | El rango se lee de la ficha, no de la disponibilidad | La profundidad alcanzable también está acotada | Fuera de rango, la máquina no da el taladro que el diseño pide",oficial
C-EOM-EQPERF-S18-4,EOM-EQPERF-S18,IND-EOM-EQPERF-2,Qué trabajo pide cada equipo,Cuadro de asignación por tipo de proyecto,"Producción en banco alto y roca dura: diámetro grande | Talud final: diámetro pequeño, taladros juntos e inclinados | Accesos y espacios reducidos: equipo ligero | La máquina más capaz no siempre es la que corresponde",propuesto
C-EOM-EQPERF-S19-1,EOM-EQPERF-S19,IND-EOM-EQPERF-2,La sarta de perforación superficial,"Fotografías de catálogo de broca tricónica, barras y estabilizadores",La broca tricónica corta por giro y peso | Las barras transmiten giro y peso y conducen el aire | Los estabilizadores mantienen la sarta centrada | El martillo de fondo es la alternativa por percusión,oficial
C-EOM-EQPERF-S19-2,EOM-EQPERF-S19,IND-EOM-EQPERF-2,Las partes de la broca tricónica,Despiece de broca tricónica,Tres conos con sus insertos | Calibre: los insertos del borde que definen el diámetro | Rodamientos dentro de cada cono | Boquillas por donde sale el aire de barrido,oficial
C-EOM-EQPERF-S19-3,EOM-EQPERF-S19,IND-EOM-EQPERF-2,Las firmas de desgaste y el trabajo que delatan,Guía de evaluación de desgaste de brocas tricónicas,"Calibre redondeado y narices comidas: abrasión, terreno duro, muchos metros | Dientes rotos: empuje alto con giro insuficiente | Desgaste parejo: vida cumplida | Rodamiento con juego: fatiga y calor",oficial
C-EOM-EQPERF-S19-4,EOM-EQPERF-S19,IND-EOM-EQPERF-2,El aire también refrigera,Esquema del recorrido del aire por la sarta,"El aire sube el detrito por el espacio anular | Además refrigera los rodamientos de los conos | Con presión insuficiente el rodamiento trabaja caliente | Un desgaste de rodamiento puede venir del aire, no del terreno",propuesto
C-EOM-EQPERF-S20-1,EOM-EQPERF-S20,IND-EOM-EQPERF-3,"Posicionamiento, nivelación y verticalidad",Esquema de máquina apoyada y mástil vertical,"La máquina se posiciona sobre el punto replanteado | Se nivela y se apoyan los gatos | La verticalidad del mástil se verifica, no se estima | Apoyada torcida, el taladro sale desviado desde el primer metro",oficial
C-EOM-EQPERF-S20-2,EOM-EQPERF-S20,IND-EOM-EQPERF-3,El emboquillado en banco y el paso a parámetros de trabajo,Ficha de parámetros por terreno,"Se emboquilla con parámetros reducidos | Tomado el taladro se pasa a los del terreno | Los valores de revoluciones y empuje salen de la tabla de la mina | Cada terreno tiene su par de valores, medidos",oficial
C-EOM-EQPERF-S20-3,EOM-EQPERF-S20,IND-EOM-EQPERF-3,Error de medición: el instrumento descalibrado,Prueba de manómetro: lectura de cabina contra valor real,"La aguja de cabina puede marcar distinto de lo que entra a la broca | La prueba de mantenimiento da la diferencia | Se compensa marcando en cabina el valor corregido | Sin certificado vigente, la propia prueba es referencia y no verdad",oficial
C-EOM-EQPERF-S20-4,EOM-EQPERF-S20,IND-EOM-EQPERF-3,Pérdida real en el trayecto: el aire de cabina a la broca,Prueba de compresor y cuadro de diámetros de boquilla,La presión cae desde el compresor hasta el fondo del taladro | El diámetro de boquilla y el desgaste de la barra influyen | Esto no se corrige moviendo la aguja: se corrige en el equipo | La velocidad de barrido cambia con el estado de la barra,oficial
C-EOM-EQPERF-S21-1,EOM-EQPERF-S21,IND-EOM-EQPERF-3,"Qué se controla antes de cargar, y con qué",Formato de control de taladros y sus instrumentos,"Verticalidad e inclinación | Profundidad, medida con huincha o sonda | Desviación, medida con instrumento | Presencia de agua o detrito en el taladro | El control se hace antes de cargar, no después de disparar",oficial
C-EOM-EQPERF-S21-2,EOM-EQPERF-S21,IND-EOM-EQPERF-3,Profundidad real contra diseño,Registro de profundidades de la malla,La profundidad de diseño incluye la sobreperforación | Un taladro corto no alcanza a cortar el piso | El resultado es pie de banco en ese tramo | Medir una parte de los taladros no describe la malla completa,oficial
C-EOM-EQPERF-S21-3,EOM-EQPERF-S21,IND-EOM-EQPERF-3,El sentido de la desviación decide el resultado,Esquema de banco con taladros desviados en los dos sentidos,"Si el taladro se acerca a la cara, el burden del fondo se reduce y el disparo proyecta | Si se aleja, el burden aumenta y quedan bolones | El mismo defecto da resultados opuestos | Emboquillar sobre piso inclinado desvía desde el primer metro",oficial
C-EOM-EQPERF-S21-4,EOM-EQPERF-S21,IND-EOM-EQPERF-3,Agua y detrito: menos carga de la diseñada,Fotografía de taladro con agua y detrito,Entre perforar y cargar puede pasar días | La lluvia y el derrumbe de paredes llenan el taladro | La columna de carga real queda más corta que la diseñada | Eso deja bolones sin que nadie haya perforado mal,propuesto
C-EOM-EQPERF-S22-1,EOM-EQPERF-S22,IND-EOM-EQPERF-4,La fórmula del costo y sus dos componentes,Formato de cálculo con la fórmula impresa,El costo del metro tiene dos sumandos | Uno es el elemento de corte: precio de la broca entre los metros que sacó | Otro es la máquina: costo horario entre la velocidad de penetración | Sumados dan el costo del metro perforado,oficial
C-EOM-EQPERF-S22-2,EOM-EQPERF-S22,IND-EOM-EQPERF-4,Cómo se calcula cada componente,Cuadro de datos de operación del período,El componente de la broca baja si la broca dura más o cuesta menos | El componente de la máquina baja si sube la velocidad de penetración | Cada uno se calcula con una división | Compararlos exige calcularlos por separado,oficial
C-EOM-EQPERF-S22-3,EOM-EQPERF-S22,IND-EOM-EQPERF-4,Cuál pesa más y por qué eso decide dónde actuar,Comparación de los dos componentes en el mismo cuadro,El componente de la máquina suele pesar varias veces el de la broca | Ahí está el margen para bajar el costo | Una broca más cara y más duradera puede salir más cara por metro | La intuición se corrige con la división,propuesto
C-EOM-EQPERF-S22-4,EOM-EQPERF-S22,IND-EOM-EQPERF-4,Qué sube la velocidad de penetración sin cambiar de máquina,Tabla de parámetros por terreno y prueba de aire,"Revoluciones y empuje que corresponden al terreno | Aire de barrido en la presión recomendada | Broca en condiciones y barra sin desgaste excesivo | Aumentar los metros programados sube el gasto total, no baja el costo por metro",oficial
